id,supplier,fragrance_code,fragrance_name,source_filename
c2e548bc-59ae-48c4-a137-e7443e6dde8e,고려에프엔에프,A63454,AIR FRESHNER A63454,AIR FRESHNER A63454_ALLERGY DATA.xlsx
73eed36a-9fce-4c5e-b417-b080826c1ab0,고려에프엔에프,A73993,BODY WASH A73993,BODY WASH A73993_ALLERGY DATA.xlsx
af42ca70-8667-4f7a-a22e-1b13495fbab0,고려에프엔에프,69418,DIFFUSER 69418,DIFFUSER 69418_ALLERGY DATA.xlsx
390b5c8a-6491-4644-91a0-70036cb64a1f,고려에프엔에프,69419,DIFFUSER 69419,DIFFUSER 69419_ALLERGY DATA.xlsx
f37ef16d-6b79-4bf6-aee7-49a9c551a429,고려에프엔에프,A95054,FRAGRANCE A95054,FRAGRANCE A95054_ALLERGY DATA.xlsx
cc155547-9957-4a9e-96d9-eb64f5683211,고려에프엔에프,A95055,FRAGRANCE A95055,FRAGRANCE A95055_ALLERGY DATA.xlsx
5871414a-f11f-4d2b-a081-920624ba6907,고려에프엔에프,C93714,FRAGRANCE C93714,FRAGRANCE C93714_ALLERGY DATA.xlsx
0e0590c1-c7f6-4ab0-a832-ce49196f6b32,고려에프엔에프,79102,HAND CARE 79102,HAND CARE 79102_ALLERGY DATA.xlsx
075233ce-fefd-4a67-a1ad-a0153784425d,고려에프엔에프,15959,MASCULINE 15959,MASCULINE 15959_ALLERGY DATA.xlsx
71a13f31-7ba8-444f-83ff-eb7f40a745b1,고려에프엔에프,16677,MASCULINE 16677,MASCULINE 16677_ALLERGY DATA.xlsx
786a5fee-18d8-4064-b6bb-9ed2a3a04856,고려에프엔에프,71484,PEACH 71484,PEACH 71484_ALLERGY DATA.xlsx
33928283-be87-4bff-aa19-d3b7675ac083,고려에프엔에프,B30373,SHAMPOO B30373,SHAMPOO B30373_ALLERGY DATA.xlsx
449b8bbf-dc90-4a00-af70-990f26126138,고려에프엔에프,A22576,SHOWER COLOGNE A22576/LF,SHOWER COLOGNE A22576 LF_ALLERGY DATA.xlsx
dfaac9d1-3365-4b92-8751-4524166a40f7,고려에프엔에프,29954,BABY CARE 29954/BF,BABY CARE 29954 BF_ALLERGY DATA.xlsx
d26e8161-cb09-48d3-995d-26cade0e5fab,고려에프엔에프,71562,BODY CARE 71562/R,BODY CARE 71562 R_ALLERGY DATA.xlsx
8c37d176-6868-424a-8930-3447ec26fe56,고려에프엔에프,73121,BODY CARE 73121N,BODY CARE 73121N_ALLERGY DATA_26항목.xlsx
71044d51-b588-4c64-81a6-8f2f7a0fe764,고려에프엔에프,73126,BODY CARE 73126,BODY CARE 73126_ALLERGY DATA.xlsx
b58a8a13-1f03-47e5-9942-0deb164a015c,고려에프엔에프,73625,BODY CARE 73625 ALLERGY DATA,BODY CARE 73625 ALLERGY DATA.xlsx
07d00e38-4952-4b93-b1c8-a124fdc99a3e,고려에프엔에프,74832,BODY CARE 74832,BODY CARE 74832_ALLERGY DATA.xlsx
3be098bc-ce3c-4e97-ba2b-00d2232f5e3e,고려에프엔에프,76826,BODY CARE 76826/BF,BODY CARE 76826 BF_ALLERGY DATA.xlsx
3cd35ceb-6db8-495f-9eeb-1731cb8f0e99,고려에프엔에프,78144,BODY CARE 78144/BF,BODY CARE 78144 BF_ALLERGY DATA.xlsx
51ae1eec-2cb6-41b7-8df0-f032f8b5efd1,고려에프엔에프,78443,BODY CARE 78443N,BODY CARE 78443N_ALLERGY DATA.xlsx
e7cd7455-e028-4307-a3c3-895ac93a8ae5,고려에프엔에프,79312,BODY CARE 79312 ALLERGY DATA,BODY CARE 79312 ALLERGY DATA.xlsx
d22acca8-4ba5-48b4-b8ab-238ed38dc10f,고려에프엔에프,79315,BODY CARE 79315 ALLERGY DATA,BODY CARE 79315 ALLERGY DATA.xlsx
c46ff5df-123b-4aa6-91c5-4e59e6355cfd,고려에프엔에프,79787,BODY CARE 79787 ALLERGY DATA,BODY CARE 79787 ALLERGY DATA.xlsx
16846bca-bb94-4a01-9ae4-407ec969e74f,고려에프엔에프,79805,BODY CARE 79805/BF,BODY CARE 79805 BF_ALLERGY DATA.xlsx
b8ddd3ba-a23d-471e-97a4-b1ca58db35c2,고려에프엔에프,A70234,BODY CARE A70234,BODY CARE A70234_ALLERGY DATA.xlsx
73b8b7eb-3344-47b2-9b34-e4491d038a82,고려에프엔에프,A70499,BODY CARE A70499 ALLERGY DATA,BODY CARE A70499 ALLERGY DATA.xlsx
dfc33ebe-4a1c-4a61-b502-2c4e10c679d8,고려에프엔에프,A70751,BODY CARE A70751/BF,BODY CARE A70751 BF_ALLERGY DATA.xlsx
729b2947-d635-4ec9-9fff-daa4e3e2ecde,고려에프엔에프,A70797,BODY CARE A70797/BF,BODY CARE A70797 BF_ALLERGY DATA.xlsx
4b591df8-69ed-4a9f-8f3d-b0758912ee35,고려에프엔에프,A71866,BODY CARE A71866,BODY CARE A71866_ALLERGY DATA.xlsx
94b67318-51cc-4ec7-8c90-6ce97d0479fe,고려에프엔에프,A71902,BODY CARE A71902,BODY CARE A71902_ALLERGY DATA.xlsx
370923bb-bbb0-44bb-984a-647634796453,고려에프엔에프,A71905,BODY CARE A71905,BODY CARE A71905_ALLERGY DATA.xlsx
90623e5e-0837-4e46-8d0b-f3fc342f8fb1,고려에프엔에프,A71986,BODY CARE A71986,BODY CARE A71986_ALLERGY DATA.xlsx
159ad5bc-81ba-450d-b2f5-dbfbff7c7598,고려에프엔에프,A73561,BODY CARE A73561,BODY CARE A73561_ALLERGY DATA.xlsx
60659ca1-e43c-4fb7-92dd-6f0d0962d18e,고려에프엔에프,A73562,BODY CARE A73562/BF,BODY CARE A73562 BF_ALLERGY DATA.xlsx
f82bd6cd-965e-4a40-935e-8be539988044,고려에프엔에프,A73565,BODY CARE A73565,BODY CARE A73565_ALLERGY DATA.xlsx
c354e609-705e-4eda-94b2-24603bc851e9,고려에프엔에프,A73997,BODY CARE A73997/BF,BODY CARE A73997 BF_ALLERGY DATA.xlsx
fa144b50-db66-4b63-af15-decfbd850177,고려에프엔에프,A74182,BODY CARE A74182,BODY CARE A74182_ALLERGY DATA.xlsx
ae8be16a-719d-4c90-a5f5-c2ede41542b7,고려에프엔에프,A74227,BODY CARE A74227,BODY CARE A74227_ALLERGY DATA.xlsx
32c439a5-9ec4-4b0f-bc52-85843df63518,고려에프엔에프,A74229,BODY CARE A74229,BODY CARE A74229_ALLERGY DATA.xlsx
7640b603-af0a-4011-b870-c4c87757f3a8,고려에프엔에프,A74232,BODY CARE A74232,BODY CARE A74232_ALLERGY DATA.xlsx
0324dc3c-3d42-464c-901e-68e3ac74a579,고려에프엔에프,A76157,BODY CARE A76157/BF,BODY CARE A76157 BF_ALLERGY DATA.xlsx
8eb82829-69d0-4fdb-8dbe-94907edfc7b4,고려에프엔에프,A76443,BODY CARE A76443/BF,BODY CARE A76443 BF_ALLERGY DATA.xlsx
badc6661-57b7-4264-a7a5-7b4c37a5b165,고려에프엔에프,A78500,BODY CARE A78500,BODY CARE A78500_ALLERGY DATA.xlsx
cd3a9af5-bc18-4c4e-98fd-76eda056c3c6,고려에프엔에프,B71470,BODY CARE B71470,BODY CARE B71470_ALLERGY DATA.xlsx
c0f906be-5fd6-49ef-b7de-29e5fdcfa4e8,고려에프엔에프,B71471,BODY CARE B71471 -----그린버드,BODY CARE B71471_ALLERGY DATA에바스그린버드.xlsx
ee09e3bd-64c1-40c0-8984-5c7bca970ea6,고려에프엔에프,B71588,BODY CARE B71588/BF,BODY CARE B71588 BF_ALLERGY DATA.xlsx
d968d1f0-68a1-41b3-b605-f367dbd48206,고려에프엔에프,B71590,BODY CARE B71590,BODY CARE B71590_ALLERGY DATA.xlsx
a7f4249f-5024-4f68-a7cf-6bbce689801f,고려에프엔에프,B72755,BODY CARE B72755,BODY CARE B72755_ALLERGY DATA.xlsx
0150dbf7-46d5-4e14-ac25-77ee96f3fb61,고려에프엔에프,B72756,BODY CARE B72756,BODY CARE B72756_ALLERGY DATA.xlsx
c8a09318-90eb-4055-8e7a-78e3cb16eae7,고려에프엔에프,B74591,BODY CARE B74591,BODY CARE B74591_ALLERGY DATA.xlsx
2d2a60ca-0177-4fa8-a264-c458d60f49e9,고려에프엔에프,B74999,BODY CARE B74999,BODY CARE B74999_ALLERGY DATA.xlsx
e9a462c2-279a-4707-ac0a-84f6f559ce2f,고려에프엔에프,B75244,BODY CARE B75244,BODY CARE B75244_ALLERGY DATA.xlsx
6713a2bb-bd06-4bb8-aa36-aa5c05062533,고려에프엔에프,B77016,BODY CARE B77016,BODY CARE B77016_ALLERGY DATA.xlsx
55f9ee7e-1fa6-473c-ae92-eaf64fd8df91,고려에프엔에프,B77017,BODY CARE B77017,BODY CARE B77017_ALLERGY DATA.xlsx
d356d2e6-cb2e-49a8-9824-c2956186a6d7,고려에프엔에프,B77646,BODY CARE B77646,BODY CARE B77646_ALLERGY DATA.xlsx
1644de0e-708a-4f90-b785-ac0c59dbb294,고려에프엔에프,B79304,BODY CARE B79304,BODY CARE B79304_ALLERGY DATA.xlsx
0d989562-9247-43c5-a213-518bc630923f,고려에프엔에프,C71340,BODY CARE C71340,BODY CARE C71340_ALLERGY DATA.xlsx
ed06bdb6-b9c1-4f33-8d14-8f450d219eb1,고려에프엔에프,C71341,BODY CARE C71341,BODY CARE C71341_ALLERGY DATA.xlsx
e101a871-30a4-41ca-ad69-e46151533221,고려에프엔에프,C71343,BODY CARE C71343,BODY CARE C71343_ALLERGY DATA.xlsx
251e7e8e-0f1e-4d7a-905c-e9635375bc15,고려에프엔에프,C71345,BODY CARE C71345,BODY CARE C71345_ALLERGY DATA.xlsx
0adf7226-7a68-4085-81d3-f83fd5783de7,고려에프엔에프,C74604,BODY CARE C74604,BODY CARE C74604_ALLERGY DATA.xlsx
148dc32b-f9fd-4cf0-a4bb-9972ec110c4a,고려에프엔에프,C75743,BODY CARE C75743,BODY CARE C75743_ALLERGY DATA.xlsx
f0c63b23-d821-4006-af14-91932cb273c7,고려에프엔에프,C76834,BODY CARE C76834,BODY CARE C76834_ALLERGY DATA.xlsx
154925db-77d5-4076-8d93-2502fba2426c,고려에프엔에프,C77109,BODY CARE C77109,BODY CARE C77109_ALLERGY DATA.xlsx
0e0f620f-4b00-4310-b30c-5410a2ac453e,고려에프엔에프,C77110,BODY CARE C77110,BODY CARE C77110_ALLERGY DATA.xlsx
7b4d145e-ee7a-4851-be48-ce9a28ced8f1,고려에프엔에프,C77113,BODY CARE C77113,BODY CARE C77113_ALLERGY DATA.xlsx
816e0049-8824-492a-b413-32868bca8c25,고려에프엔에프,C77322,BODY CARE C77322,BODY CARE C77322_ALLERGY DATA_26항목.xlsx
70e909f6-af3e-4a8a-9644-995be6d6c2d1,고려에프엔에프,D73778,BODY CARE D73778,BODY CARE D73778_ALLERGY DATA.xlsx
e1770314-48a4-4d7c-b477-e3f278c863dc,고려에프엔에프,D73887,BODY CARE D73887,BODY CARE D73887_ALLERGY DATA.xlsx
2f7ed273-b181-4df8-8c95-6e294c6d527f,고려에프엔에프,D73994,BODY CARE D73994,BODY CARE D73994_ALLERGY DATA.xlsx
461919cc-e816-4c50-bf6c-5961a0893514,고려에프엔에프,D75821,BODY CARE D75821,BODY CARE D75821_ALLERGY DATA.xlsx
5f0c4dad-51e0-4d1d-813a-f3eb036e82cf,고려에프엔에프,D76437,BODY CARE D76437,BODY CARE D76437_ALLERGY DATA.xlsx
a2c67501-5a55-4a86-9223-7c89e740dd1d,고려에프엔에프,D77333,BODY CARE D77333,BODY CARE D77333_ALLERGY DATA (1).xlsx
ce48550e-f9c5-478a-9712-02e58ac3615a,고려에프엔에프,A77013,BODY MIST A77013,BODY MIST A77013_ALLERGY DATA.xlsx
1d61f57d-6998-43a5-9593-a5779ec108d8,고려에프엔에프,B76462,BODY MIST B76462,BODY MIST B76462_ALLERGY DATA.xlsx
78845e70-1b3c-4672-8e31-6f1293a821eb,고려에프엔에프,B76501,BODY MIST B76501,BODY MIST B76501_ALLERGY DATA.xlsx
d065b931-94de-48a4-bfe2-2916f4173489,고려에프엔에프,96878,CANDLE 96878,CANDLE 96878_ALLERGY DATA.xlsx
776e76c2-a30c-4407-a1d2-e8dbfb9f0c12,고려에프엔에프,97231,CANDLE 97231,CANDLE 97231_ALLERGY DATA.xlsx
58c95059-7a1a-4745-a5c6-94be90d39390,고려에프엔에프,97235,CANDLE 97235,CANDLE 97235_ALLERGY DATA.xlsx
f7229bc3-2260-42ef-8350-04d2e404d4dc,고려에프엔에프,97622,CANDLE 97622,CANDLE 97622_ALLERGY DATA.xlsx
37a37804-9ffb-4579-83f6-b089af186955,고려에프엔에프,97623,CANDLE 97623,CANDLE 97623_ALLERGY DATA.xlsx
f7030a96-c62b-4fcd-b18d-cf53045e7c34,고려에프엔에프,99626,CANDLE 99626,CANDLE 99626_ALLERGY DATA.xlsx
3e8c206f-2e76-4e1e-85ca-e1cd3c88ce38,고려에프엔에프,A33949,HAIR CARE A33949 ALLERGY DATA,HAIR CARE A33949 ALLERGY DATA.xlsx
e2d8b2ba-73f5-4918-9318-803b5c62a2dc,고려에프엔에프,A37662,HAIR CARE A37662,HAIR CARE A37662_ALLERGY DATA.xlsx
b32a6082-7570-4a9f-9ce5-f35110e226d9,고려에프엔에프,C33036,HAIR CARE C33036,HAIR CARE C33036_ALLERGY DATA.xlsx
2bc2a872-d179-4d94-bd25-cbb1d97f974e,고려에프엔에프,C35232,HAIR CARE C35232,HAIR CARE C35232_ALLERGY DATA.xlsx
4073e45b-44ae-4560-a951-163a416d94c0,고려에프엔에프,26000,PERFUME 26000/BF,PERFUME 26000 BF_ALLERGY DATA.xlsx
99df0c4f-90e6-491c-bce3-b878cfbc2348,고려에프엔에프,A27986,PERFUME A27986 ALLERGY DATA,PERFUME A27986 ALLERGY DATA.xlsx
b3950750-7421-40e3-b8d1-c251511f4944,고려에프엔에프,A27987,PERFUME A27987/BF,PERFUME A27987 BF_ALLERGY DATA.xlsx
60e258be-5603-4fa1-8b8a-cc269c55a1bd,고려에프엔에프,A27988,PERFUME A27988 ALLERGY DATA,PERFUME A27988 ALLERGY DATA.xlsx
e5db9001-751a-41f0-a4fa-77a86dba54cc,고려에프엔에프,A28018,PERFUME A28018 ALLERGY DATA,PERFUME A28018 ALLERGY DATA.xlsx
2072026d-4f12-4171-b73b-b57d341853e8,고려에프엔에프,B20020,PERFUME B20020,PERFUME B20020_ALLERGY DATA.xlsx
bf28c71d-0dc1-4319-8386-8996edc1b1c0,고려에프엔에프,B20022,PERFUME B20022/LF,PERFUME B20022 LF_ALLERGY DATA.xlsx
40200ccb-5c81-4ed7-b495-211244d4853c,고려에프엔에프,B20023,PERFUME B20023/LF,PERFUME B20023 LF_ALLERGY DATA.xlsx
6822896d-1be1-4866-ac6f-94b08fcb2dfa,고려에프엔에프,B20584,PERFUME B20584,PERFUME B20584_ALLERGY DATA.xlsx
996c4c5b-0b16-4919-9735-a55f553ad733,고려에프엔에프,B20585,PERFUME B20585,PERFUME B20585_ALLERGY DATA.xlsx
ca88dbaf-66ba-411a-9841-4ae4e93bdd5a,고려에프엔에프,B20587,PERFUME B20587,PERFUME B20587_ALLERGY DATA.xlsx
921977dd-867f-4de1-82b7-eee6d5a7a47b,고려에프엔에프,B20589,PERFUME B20589 ALLERGY DATA,PERFUME B20589 ALLERGY DATA.xlsx
cadeaa9a-7003-4011-882e-d5deb28ace7f,고려에프엔에프,B22581,PERFUME B22581/LF,PERFUME B22581 LF_ALLERGY DATA.xlsx
bff0d044-d38b-462f-b38f-81dc8db6b70a,고려에프엔에프,B22582,PERFUME B22582,PERFUME B22582_ALLERGY DATA.xlsx
0b05fd2a-1f38-4906-83b3-a81d1bb3e6a7,고려에프엔에프,B26624,PERFUME B26624,PERFUME B26624_ALLERGY DATA.xlsx
5afd16cb-8478-4f97-adbc-a6294c7edb15,고려에프엔에프,B26627,PERFUME B26627,PERFUME B26627 ALLERGY DATA.xlsx
ac477635-1bb1-4539-8dad-4a30108dff6c,고려에프엔에프,B26641,PERFUME B26641,PERFUME B26641_ALLERGY DATA.xlsx
91c7a428-4658-4869-a90b-c02cf91c5625,고려에프엔에프,B26642,PERFUME B26642,PERFUME B26642_ALLERGY DATA.xlsx
2dba40a3-890b-4b96-a184-8700b331ce5e,고려에프엔에프,B27553,PERFUME B27553,PERFUME B27553_ALLERGY DATA.xlsx
cc9086a4-0055-4be2-9c45-ebb4e36302f8,고려에프엔에프,B27597,PERFUME B27597,PERFUME B27597_ALLERGY DATA.xlsx
6408b498-e1f9-4610-b035-e9834cd98f88,고려에프엔에프,B27598,PERFUME B27598,PERFUME B27598_ALLERGY DATA.xlsx
bb382332-9b23-48db-82f5-de6524860727,고려에프엔에프,B28339,PERFUME B28339,PERFUME B28339_ALLERGY DATA.xlsx
549f79d7-b369-46e9-8041-80600463f843,고려에프엔에프,B27554,PERFUME BB27554,PERFUME BB27554_ALLERGY DATA.xlsx
c15000c9-0cd5-46a7-8f42-74341e74c45e,고려에프엔에프,C20541,PERFUME C20541,PERFUME C20541_ALLERGY DATA.xlsx
9cc1fdbe-a7d5-4d33-a706-825961431414,고려에프엔에프,D21707,PERFUME D21707,PERFUME D21707_ALLERGY DATA.xlsx
930c4444-9d77-4360-9e7c-49801097247c,고려에프엔에프,D21708,PERFUME D21708,PERFUME D21708_ALLERGY DATA.xlsx
c451463e-b4ae-4202-a624-b2fed7719eef,고려에프엔에프,D28777,PERFUME D28777,PERFUME D28777_ALLERGY DATA.xlsx
9e0b8542-4264-4a8e-b0b2-d64a28ecd046,고려에프엔에프,D28779,PERFUME D28779,PERFUME D28779_ALLERGY DATA.xlsx
36b2a79f-3d7e-463c-b9ee-cc23a2845650,고려에프엔에프,F22894,PERFUME F22894,PERFUME F22894_ALLERGY DATA.xlsx
ba5945bf-7a9c-44ea-b101-c480789ff381,고려에프엔에프,F23387,PERFUME F23387,PERFUME F23387_ALLERGY DATA.xlsx
a295b347-7853-462d-b390-3a2ce8491919,고려에프엔에프,A25314,SKIN CARE A25314,SKIN CARE A25314_ALLERGY DATA.xlsx
f13904e5-c61c-40d8-bec8-c2e3d9c8d345,고려에프엔에프,F24307,SKIN CARE F24307,SKIN CARE F24307_ALLERGY DATA_26항목.xlsx
c1642b06-912b-4bac-86ce-474143613b5f,고려에프엔에프,F25491,SKIN CARE F25491 [Allergy free & low],SKIN CARE F25491_ALLERGY DATA.xlsx
58360e33-001a-4a90-9523-73902a37493f,고려에프엔에프,F25567,SKIN CARE F25567,SKIN CARE F25567_ALLERGY DATA_26항목.xlsx
5e0cba05-39e4-42e9-b47f-8ea92dc3cb65,고려에프엔에프,G23403,SKIN CARE G23403,SKIN CARE G23403_ALLERGY DATA.xlsx
b3b2fe08-4221-45cf-9e19-12d434f8fdf9,고려에프엔에프,G23414,SKIN CARE G23414,SKIN CARE G23414_ALLERGY DATA.xlsx
accdf043-adeb-4299-9943-8911954e543b,도터라인,Bergamot Oil,Bergamot Oil,Bergamot Oil Fragrance Allergen.xlsx
63b682e4-e624-4890-80ac-1aa2873f58ab,도터라인,Cypress Oil,Cypress Oil,Cypress Oil.xlsx
bb0bf976-0977-4592-90c8-00d3d66f8ece,도터라인,EUCALYPTUS OIL,EUCALYPTUS OIL,Eucalyptus Oil.xlsx
daf54bb1-0ea4-4e36-b2a1-92ed027cf5f2,도터라인,Litsea Cubeba Oil,Litsea Cubeba Oil,Litsea Cubeba Oil.xlsx
02639af7-639f-4fa4-b941-91dde0f97171,도터라인,Orange Oil Vanencia,Orange Oil Vanencia,Orange Oil Vanencia.xlsx
4f4b9ddc-4dc0-4fa1-b099-36af1688404e,도터라인,Patchouli Oil,Patchouli Oil,Patchouli Oil Allergen Date.xlsx
547e1f3c-7936-408b-abfe-ab96e190a7ab,도터라인,Peppermint Oil,Peppermint Oil,Peppermint Oil.xlsx
55686bf3-0547-4941-8849-ce79c4194163,도터라인,Petitgrain Essential Oil paraguay,Petitgrain Essential Oil paraguay,Petitgrain Oil Allergen Data.xlsx
fe09f552-af8c-4bd5-b1fd-8ded9e30f125,도터라인,Sage Officinalis EO,Sage Officinalis EO,Sage Oil Allergen Data.xlsx
61d980a5-3710-4f9c-9027-1101d5255c02,도터라인,Tea Tree Oil,Tea Tree Oil,Tea Tree Oil.xlsx
ae4b1aa6-5485-4a13-9b13-a599755ed6c7,도터라인,Wintergreen Oil,Wintergreen Oil,Wintergreen Oil Allergen Date.xlsx
9751ab01-0d41-4de8-9f47-074651871585,서울향료,24-11539,PERFUME COMPOUND SP-24-11539,24-11539_ALLERGEN 물질 정보 양식.xlsx
dfb14352-e958-480f-846e-368f395fd8cd,서울향료,24-11561,PERFUME COMPOUND SP-24-11561,24-11561_ALLERGEN 물질 정보 양식.xlsx
33f0ac5c-1b5e-4569-a138-796e59812b5c,서울향료,24-11562,PERFUME COMPOUND SP-24-11562,24-11562_ALLERGEN 물질 정보 양식.xlsx
1bc918ae-a97f-477f-880e-067692dd9d77,서울향료,24-11563,PERFUME COMPOUND SP-24-11563,24-11563_ALLERGEN 물질 정보 양식.xlsx
2a95bc60-25ec-42e4-b1b5-ce798ec8f562,서울향료,24-11571,PERFUME COMPOUND SP-24-11571,24-11571_ALLERGEN 물질 정보 양식.xlsx
1d81aa08-ed95-4f88-a172-ea2bade06e88,서울향료,24-11644,PERFUME COMPOUND SP-24-11644,24-11644_ALLEGEN 물질 정보.xlsx
1944ef29-7ea7-45c0-8d3f-4be8f236fb58,서울향료,24-11646,PERFUME COMPOUND SP-24-11646,24-11646_ALLEGEN 물질 정보.xlsx
ac7f51b7-1655-440b-9064-e48bbe57fb6c,서울향료,24-13483,PERFUME COMPOUND SP-24-13483,24-13483_ALLEGEN 물질 정보.xlsx
32602cef-2877-4d80-96c5-4e328fa8e462,서울향료,25-21529,PERFUME COMPOUND SP-25-21529,25-21529_ALLEGEN 물질 정보.xlsx
c67f03fa-319f-4e58-adb5-37db5f10e3d9,서울향료,PERFUME COMPOUND SP-46732N,PERFUME COMPOUND SP-46732N,46732N_ALLERGEN 물질 정보 양식.xlsx
84e28bba-3cde-4643-a30c-5b84637dfd2a,서울향료,PERFUME COMPOUND SP-47561,PERFUME COMPOUND SP-47561,47561 ALLERGEN LIST 물질정보양식.xlsx
6a06f416-52be-4d5d-bad4-4b8e234b2aad,서울향료,PERFUME COMPOUND SP-72880,PERFUME COMPOUND SP-72880,72880_ALLERGEN 물질 정보 양식.xlsx
be98702f-0e07-456e-9a9c-7fbc3c2c6034,서울향료,SP-73406,SP-73406,73406 ALLERGEN 물질 정보 양식.xlsx
9429ff88-cec8-41bf-9cfe-efb9e8417207,서울향료,PERFUME COMPOUND SP-75446,PERFUME COMPOUND SP-75446,75446_물질 정보 양식_TAMPLATE OF EXTENDED ALLERGENS_83항목.xlsx
53aede4e-08f5-49df-acdd-b37dc9531c80,서울향료,PERFUME COMPOUND SP-84784,PERFUME COMPOUND SP-84784,84784 ALLERGEN 물질 정보 양식.xlsx
328dfdb2-313c-4fb3-a300-beeeabdad880,서울향료,SP-44861,RSP-44861,SP-44861.xlsx
a424fc0c-1530-4412-bce5-74f8d4808e1a,서울향료,SP-46698,RSP-46698,SP-46698.xlsx
011487fd-6e46-458b-9aae-9143f567cf2c,서울향료,SP-46732,PERFUME COMPOUND SP-46732N,SP-46732N.xlsx
a82f7744-6025-4857-ad10-035d33e680b6,서울향료,SP-47337,RSP-47337R,SP-47337R.xlsx
13061b72-6fa5-4892-8db0-ee4bec6290c5,서울향료,SP-47341,SP-47341N,SP-47341N.xlsx
ca15a795-cb16-44bc-8210-5b1ab964d92d,서울향료,SP-47468,SP-47468,SP-47468.xlsx
a2b519e2-88d3-45be-8b01-8114f2ba4516,서울향료,SP-48001,SP-48001,SP-48001.xlsx
b862c8a9-06be-4a52-851a-49b03c7f1ac6,서울향료,SP-48558,SP-48558,SP-48558.xlsx
ec25158f-8b4b-4c49-aa95-5cd5250a99ff,서울향료,SP-49820,SP-49820,SP-49820.xlsx
29d6e426-6751-4c1b-87e5-45310b42da03,서울향료,SP-51362,SP-51362,SP-51362.xlsx
298432b2-3dc1-48ed-8ccc-d1dda1ccc949,서울향료,SP-51363,SP-51363,SP-51363.xlsx
7f1bf464-1b82-4c3b-83e8-c516e662b8d6,서울향료,SP-52027,SP-52027,SP-52027.xlsx
f7f2e01b-d905-48a3-907f-ab4a5576f674,서울향료,SP-52029,SP-52029,SP-52029.xlsx
02edd119-79e1-4233-8355-f25089b52748,서울향료,SP-52030,SP-52030,SP-52030.xlsx
5774e0a6-3b05-428e-a44b-70873b07e706,서울향료,SP-52463,SP-52463LF,SP-52463LF.xlsx
af60fca1-a35f-4a78-acd6-1c89b16ed5c2,서울향료,SP-52496,SP-52496,SP-52496.xlsx
0bd77a46-b56d-487f-a201-32dc8316178f,서울향료,SP-53046,SP-53046,SP-53046.xlsx
ae24d78c-2535-43b9-8710-5771d0a1f678,서울향료,SP-53050,SP-53050,SP-53050.xlsx
9e7b42d0-c3f7-467b-be99-a8bd9f6fd2ba,서울향료,SP-53748,SP-53748,SP-53748.xlsx
224a9010-80fd-4711-8870-4d27a5fbe5c6,서울향료,SP-58351,SP-58351,SP-58351.xlsx
ec54567f-6776-4668-869f-65cd92074bc1,서울향료,SP-58562,SP-58562,SP-58562.xlsx
07cbd3fb-e3c8-4a74-8746-bc70412947b3,서울향료,SP-58794,SP-58794,SP-58794.xlsx
400f5375-2a45-4fb0-b998-3f59d970e332,서울향료,SP-58814,SP-58814,SP-58814.xlsx
3435ab04-bbff-4444-a340-06c3fb732d55,서울향료,SP-59739,SP-59739,SP-59739.xlsx
1c9cc75b-3c97-46fc-8b9c-43e07a568cce,서울향료,SP-61470,SP-61470,SP-61470.xlsx
04dc9649-5bb3-4a29-a606-e83547d5753c,서울향료,SP-64079,SP-64079,SP-64079.xlsx
086a5e9d-6e9a-45eb-86af-4002dfb5adf3,서울향료,SP-64080,SP-64080,SP-64080.xlsx
3ecb1362-6aba-41fb-8af3-a6cee8a2118b,서울향료,SP-66896,SP-66896,SP-66896.xlsx
f7055ea8-9f60-4da1-81c4-c552f66e31b5,서울향료,SP-70394,SP-70394,SP-70394.xlsx
6c6e21a5-4880-4b26-bbdd-65f25fa1ff51,서울향료,SP-70395,SP-70395,SP-70395.xlsx
2ea8ade6-af60-4daf-b10b-794695b4702c,서울향료,SP-70396,SP-70396,SP-70396.xlsx
ba62b124-da82-43b8-8ba4-fe8d4fc50022,서울향료,SP-71732,SP-71732,SP-71732.xlsx
2c581309-8319-4d1c-be12-2241aba47c03,서울향료,SP-71888,SP-71888,SP-71888.xlsx
59eb8599-0e7d-4a22-94fe-ed333c378399,서울향료,SP-72877,SP-72877,SP-72877.xlsx
a1fdecc2-484e-4650-a8a7-601574d867b6,서울향료,SP-72878,SP-72878,SP-72878.xlsx
73671939-1332-4ae0-97dc-447389682eb2,서울향료,SP-75446,SP-75446,SP-75446.xlsx
71293d4f-fab6-45cb-ae59-ec0b613a4c98,서울향료,SP-81309,PERFUME COMPOUND SP-81309,SP-81309.xlsx
f8e1af1c-90d7-47c5-b504-4d997826f620,서울향료,SP-84979,PERFUME COMPOUND SP-84979,SP-84979 ALLERGEN 물질 정보 양식 (3).xlsx
1a7bcd85-b576-4e17-b50a-d43afd4f8fa0,키맥스,FR60214837,Art Show FR60214837,알러지리스트_Art Show A CSN040444.xlsx
3442a1c1-c0ec-47b2-8efc-5e023d546b22,키맥스,CSN040444,Art Show A CSN040444,알러지리스트_Art Show A CSN040444.xlsx
34470927-4f89-42c8-82df-3c91d5ce93d5,키맥스,FY10014377,Black Volume FY10014377,알러지리스트_Art Show A CSN040444.xlsx
d93aa6b6-68cb-4544-b57c-5c341d8d239a,키맥스,FY4017811,Charming Bouquet FY4017811,알러지리스트_Art Show A CSN040444.xlsx
43e3e8f3-bb04-43b7-bb9f-b7cd9a7e5e96,키맥스,FW9013575,Cologne Eva FW9013575,알러지리스트_Art Show A CSN040444.xlsx
8482c288-2069-488c-b596-8a060a4019e9,키맥스,FZ10017805,EBS Plus FZ10017805,알러지리스트_Art Show A CSN040444.xlsx
c12444ee-2ae9-4020-b20d-a5f21c7e1a78,키맥스,CSN040445,EBS Plus A CSN040445,알러지리스트_Art Show A CSN040444.xlsx
c2b75382-5c66-47ec-a288-3d7be4fdb0e6,키맥스,FY8008187,Ferra One FY8008187,알러지리스트_Art Show A CSN040444.xlsx
403481f6-a9cb-462e-824a-98f695a08f01,키맥스,FO5021665,Ginger Mild FO5021665,알러지리스트_Art Show A CSN040444.xlsx
ab021205-0a8e-4838-8257-e85f77b9d950,키맥스,FT7017810,Herbal Yours FT7017810,알러지리스트_Art Show A CSN040444.xlsx
5ccb870b-330b-47fa-af2b-2ac88cb87f2b,키맥스,FL3011013,KX EV 1293 FL3011013,알러지리스트_Art Show A CSN040444.xlsx
a6784e71-b2ba-459e-acba-f14968952b5e,키맥스,FK8010250,KX EV 2121 FK8010250,알러지리스트_Art Show A CSN040444.xlsx
c80cbfcc-3c95-4810-97c9-c8d958f51a29,키맥스,FG2016624,KX EV 2106 FG2016624,알러지리스트_Art Show A CSN040444.xlsx
3c8b8fb9-eae8-4ca7-9356-9af1008be9e9,키맥스,CSN085241,Black Volume A CSN085241,알러지리스트_Black Volume A CSN085241.xlsx
5bc6b8ff-661d-4199-9978-f7e9f96211d7,키맥스,CSN078041,Luminous Miracle CSN078041,알러지리스트_Black Volume A CSN085241.xlsx
e7cc8300-cd96-4929-bff3-fdabb5d6d09e,키맥스,CSN098974,Black Volume B CSN098974,알러지리스트_Black Volume B CSN098974_Allergen 80+_250822.xlsx
7cb9db1b-ef70-4378-a5f3-cdc28c312f19,타임향료,COLLAGEN 100813,COLLAGEN 100813,ALLERGENS CERTIFIED_Rosemary Oil.xlsx
9f4d428e-be53-495d-af1b-16ccfe1c9102,타임향료,20211221,STELLA 9111358,에바스코스메틱 ALLERGENS CERTIFIED (타임향료 공급원료 총정리)_20211221.xlsx
6aa2738f-8f67-4ba3-b0b3-25764e880489,타임향료,200602,ESSENTIAL COMPLEX 200602,ESSENTIAL COMPLEX 200602 ALLERGENS CERTIFIED.xls
7c387524-b96c-49e3-a4f8-45794aa5e335,타임향료,190601,ESSENTIAL COMPLEX 190601,MFE-0019_ESSENTIAL COMPLEX 190601 ALLERGENS CERTIFIED_stamp.xls
77c4603b-4091-49dd-8f52-781334d4146d,타임향료,100813,COLLAGEN 100813,에바스코스메틱 COLLAGEN 100813 ALLERGENS CERTIFIED.xls
c049b7ea-1eca-4ebf-a85d-4bc24c3d2a5a,타임향료,60891,TEVB 60891,에바스코스메틱 TEVB 60891 ALLERGENS CERTIFIED.xls
b3af85c9-8e73-4ad9-b9c0-052aed02b7d2,한불화농 향알러지데이타 20190307,15196,BODY CARE 95-H15196/R,BODY CARE 95-H15196R ALLERGEN.xlsx
de2046e1-0df4-47be-8110-89cb55c68450,한불화농 향알러지데이타 20190307,15194,BODY CLEANSER A15194/R,BODY CLEANSER A15194R ALLERGEN.xlsx
f31b1477-b7ef-4876-a55c-1ca9bfcbb65f,한불화농 향알러지데이타 20190307,15752,BODY CLEANSER A15752/R1,BODY CLEANSER A15752R1 (ALLERGEN).xlsx
1df1f6be-0050-4905-a87a-e2b2c834df27,한불화농 향알러지데이타 20190307,00134,CITRUS FLORAL 4P00134,CITRUS FLORAL 4P00134 ALLERGEN(LF).xlsx
7293a720-1457-416b-b0d3-6063dc7801a7,한불화농 향알러지데이타 20190307,04546,FLORAL FRESH 15P04546,FLORAL FRESH 15P04546 ALLERGEN.xlsx
a5e6248e-3f0c-4293-88e8-8145c1e590ea,한불화농 향알러지데이타 20190307,50866,FLORAL FRUITY D50866,FLORAL FRUITY D50866 (ALLERGEN).xlsx
78984d4c-cdbd-4741-8b12-fd0abeec8125,한불화농 향알러지데이타 20190307,15336,FLORAL POWDERY 95-L15336/R,FLORAL POWDERY 95-L15336R ALLERGEN.xlsx
994d1058-1c4e-455f-87f3-15fba3a917c1,한불화농 향알러지데이타 20190307,02170,GRAPEFRUIT 95-15P02170,GRAPEFRUIT 95-15P02170 ALLERGEN.xlsx
9631e5d6-88d9-43ac-9b35-5b931278ac84,한불화농 향알러지데이타 20190307,11408,MASCULINE F11408/R3,MASCULINE F11408R3 ALLERGEN.xlsx
406d2b1d-22a0-4655-a730-2f1084db7065,한불화농 향알러지데이타 20190307,01020,PERFUME 10P01020,PERFUME 10P01020 ALLERGEN.xlsx
a5fc3e48-a72b-47e0-b585-98d60e756753,한불화농 향알러지데이타 20190307,11595,SHAMPOO 5P11595,SHAMPOO 5P11595 (ALLERGEN).xlsx
bc7766ad-68a2-4d20-a9ea-19f6c100298d,한불화농 향알러지데이타 20190307,50245,SHAMPOO A50245,SHAMPOO A50245 ALLERGEN.xlsx
88732fcb-340c-457e-a76f-6a20976116b3,한불화농 향알러지데이타 20190307,10961,SHOWER COLOGNE D10961/R,SHOWER COLOGNE D10961R ALLERGEN.xlsx
1e0bbd56-beaf-4e38-834b-27bb2c74aa64,한불화농 향알러지데이타 20190307,10041,SHOWER COLOGNE E10041/R,SHOWER COLOGNE E10041R ALLERGEN.xlsx
e5097ad8-46c7-4ba5-b090-5fbf4811c753,한불화농 향알러지데이타 20190307,10043,SHOWER COLOGNE E10043/R3,SHOWER COLOGNE E10043R3 ALLERGEN.xlsx
c9930add-c7a4-467e-b017-4e597359db1b,한불화농 향알러지데이타 20190307,48120,SKIN CARE A48120,SKIN CARE A48120 (ALLERGEN).xlsx
ff93b0c8-0b5c-4d52-920c-1111102bae2c,한불화농 향알러지데이타 20190307,71044,STRAWBERRY A71044,STRAWBERRY A71044 ALLERGEN.xlsx
9b791195-122d-405e-8ee6-9cff12b3476f,한불화농 향알러지데이타 20190307,15459,동백 J15459,동백 J15459 ALLERGEN.xlsx
