ingredient_code,ingredient_name,manufacturer,origin_country,purchase_type,purchase_method
MAA-0001,Allantoin,WUHU HUAHAI BIOLOGY ENGINEERING ,블루켐,무작위,원료실
MAA-0002,알로에베라 추출물,인코스,인코스,무작위,원료실
MAA-0016,Anti-Shadow Complex,Ichmaru,한주씨앤씨,무작위,원료실
MAA-0017,알부틴 (Arbutin),엔지켐,썬화인글로벌,무작위,원료실
MAA-0018,신선초 추출물(ANGELICA EXT),씨앤비바이오,씨앤비바이오,무작위,원료실
MAA-0020,초과(초도구)추출물,씨앤비바이오,씨앤비바이오,무작위,원료실
MAA-0021,Adenosine(podwer),SHARING,㈜나노젠,무작위,원료실
MAA-0022,Aquasilicone,H&A 파마켐,샘스씨앤에스,무작위,원료실
MAA-0024,아카시아추출물,내추럴솔루션,내추럴솔루션,무작위,원료실
MAA-0025,은행잎추출물,내추럴솔루션,내추럴솔루션,무작위,원료실
MAA-0026,레몬밤추출물,내추럴솔루션,내추럴솔루션,무작위,원료실
MAA-0027,Avocado ext.,내추럴솔루션,내추럴솔루션,무작위,원료실
MAA-0028,Azure 3 Complex,내추럴솔루션,내추럴솔루션,무작위,원료실
MAA-0029,Aloe Powder (200:1),American Grown Aloe LLC,㈜블루켐,무작위,원료실
MAA-0030,안젤리카추출물,내추럴솔루션,내추럴솔루션,무작위,원료실
MAA-0031,사과추출물-PF,(주)즐거운회사,(주)즐거운회사,무작위,원료실
MAA-0032,아로니아열매 추출물 H,BIO-FD&C,BIO-FD&C,무작위,원료실
MAA-0033,악마의발톱뿌리추출물-PF,(주)즐거운회사,(주)즐거운회사,무작위,원료실
MAA-0034,은행나무잎추출물,(주)즐거운회사,(주)즐거운회사,무작위,원료실
MAA-0035,Amino Acid Solution,주식회사 더가든오브내추럴솔루션,주식회사 더가든오브내추럴솔루션,무작위,원료실
MAA-0036,Ascorbic Acid Fine Powder,DSM,세로켐,무작위,원료실
MAA-0037,아티초크잎추출물-PF,(주)즐거운회사,(주)즐거운회사,무작위,원료실
MAA-0038,어성초 추출수 - HD,(주)즐거운회사,(주)즐거운회사,무작위,원료실
MAA-0039,아텔로콜라겐솔루션(0.1%),내추럴솔루션,내추럴솔루션,무작위,원료실
MAB-0004,Biolac,Barnet,비젼화학,무작위,원료실
MAB-0009,블랙커민씨 추출물,내추럴솔루션,내추럴솔루션,무작위,원료실
MAB-0010,바오밥나무 추출물,내추럴솔루션,내추럴솔루션,무작위,원료실
MAB-0011,병풀 추출물 H,(주)바이오에프디엔씨,(주)바이오에프디엔씨,무작위,원료실
MAB-0012,병풀추출물 ,㈜즐거운회사,㈜즐거운회사,무작위,원료실
MAB-0013,Byungpul Extract-Ev ,㈜즐거운회사,㈜즐거운회사,무작위,원료실
MAB-0014,Blue Complex H,(주)바이오에프디엔씨,(주)바이오에프디엔씨,무작위,원료실
MAB-0015,푸른연꽃추출물-PF,㈜즐거운회사,㈜즐거운회사,무작위,원료실
MAB-0016,비피다발효추출물-HD,㈜즐거운회사,㈜즐거운회사,무작위,원료실
MAB-0017,D-Biotin,NHU,(주)블루켐,무작위,원료실
MAB-0018,BioDTox,바이오스펙트럼㈜,바이오스펙트럼㈜,무작위,원료실
MAB-0019,Brillain MB218,"BEIJING BRILLIANCE BIOTECH CO., LTD.",(주)블루켐,무작위,원료실
MAC-0001,캐모마일꽃추출물 [Chamomile Ext.],(주)즐거운회사,(주)즐거운회사,무작위,원료실
MAC-0016,CM-Glucan,Mibelle AG,세일,무작위,원료실
MAC-0018,"Ceramide 3B,DS-CeramideY30",Solus,(주)모아캠,무작위,원료실
MAC-0021,Caffein,Kaden,랩싸이언스,무작위,원료실
MAC-0025,Cucumber Extract,유로코스텍,유로코스텍,무작위,원료실
MAC-0026,Charcoal Powder(참숯파우더）,(주)씨앤비코스메틱,(주)이현에프앤씨,무작위,원료실
MAC-0031,Carrot Extract,,신아무역,무작위,원료실
MAC-0032,Coral Water(산호수추출물),씨앤비바이오,씨앤비바이오,무작위,원료실
MAC-0033,Caviar Extract,더마랩,더마랩,무작위,원료실
MAC-0034,Cocoa Powder D-11-S,인투푸드,인투푸드,무작위,원료실
MAC-0035,체리추출물,내추럴솔루션,내추럴솔루션,무작위,원료실
MAC-0036,창포 Ext.,,,무작위,원료실
MAC-0037,코카오 complex,내추럴솔루션,내추럴솔루션,무작위,원료실
MAC-0038,크렌베리추출물,내추럴솔루션,내추럴솔루션,무작위,원료실
MAC-0039,컴프리잎추출물-SP,내추럴솔루션,내추럴솔루션,무작위,원료실
MAC-0040,Centella Asiatica,HUNAN,(주)이우바이오,무작위,원료실
MAC-0041,CapColor CV-WSS,Chr. Hansen A / S,㈜주피터 인터내셔널,무작위,원료실
MAC-0042,캐나다빙하수 HD,(주)블루켐,(주)블루켐,무작위,원료실
MAC-0043,7 Collagen Complex,태신,태신,무작위,원료실
MAC-0044,칼라민파우더,DAYANG CHEM,(주)블루켐,무작위,원료실
MAC-0045,Cholesterol JP,NIPPON FINE CHEMICAL,한송,무작위,원료실
MAD-0002,DPG(Lipo DPG),DAEPYUNG,라온무역,무작위,원료실
MAD-0006,Deep Seawater(해양심층수),환경관리센터,젠슨리무역,무작위,원료실
MAD-0008,Dehydrated Rose Flower,GreenTek21,에스앤디랩,무작위,원료실
MAD-0009,머드파우더,보령시청,보령시청,무작위,원료실
MAD-0010,머드워터(추출물),보령시청,보령시청,무작위,원료실
MAD-0011,감나무잎추출물-PF,(주)즐거운회사,(주)즐거운회사,무작위,원료실
MAD-0012,당호박추출물,(주)즐거운회사,(주)즐거운회사,무작위,원료실
MAD-0013,두송열매추출물-PF,(주)즐거운회사,(주)즐거운회사,무작위,원료실
MAD-0014,바다포도추출물,(주)즐거운회사,(주)즐거운회사,무작위,원료실
MAD-0015,Dextrose anhydrous 98% [(Glucose)],덕산약품공업,블루켐,무작위,원료실
MAE-0009,Ederline H,Sepoga,금강무역,무작위,원료실
MAE-0011,Evermat,AAK,ASK corp ,무작위,원료실
MAE-0012,ECM-Protect,Atrium,비전씨앤티,무작위,원료실
MAE-0013,EVAS Herb Complex(HD), 더마랩,이스티온네이처,무작위,원료실
MAE-0014,BIO-EGF 10 H,BIO FD&C,BIO FD&C,무작위,원료실
MAE-0015,에바스-Pro Complex,내추럴솔루션,내추럴솔루션,무작위,원료실
MAE-0016,유칼립투스추출물,내추럴솔루션,내추럴솔루션,무작위,원료실
MAE-0017,에델바이스추출물-SP,내추럴솔루션,내추럴솔루션,무작위,원료실
MAE-0018,Elastin H-HD,(주)즐거운회사,(주)즐거운회사,무작위,원료실
MAE-0019,Specbio Ectoin,Spec-Chem Industry Inc,나노젠,무작위,원료실
MAE-0020,EVAS Anti-odor Complex,(주)즐거운회사,(주)즐거운회사,무작위,원료실
MAF-0006,Fresh Green Bud,내추럴솔루션,내추럴솔루션,무작위,원료실
MAF-0007,후코이단추출물,㈜해림후코이단,㈜해림후코이단,무작위,원료실
MAF-0008,FruitMax Brown 900 WS,CHR-HANSEN,(주)주피터인터네셔널,무작위,원료실
MAG-0002,Gamma-Oryzanol,Tsumo Rice,정한약품,무작위,원료실
MAG-0003,Ginkgo Extract,씨앤비바이오,씨앤비바이오,무작위,원료실
MAG-0004,Gatuline RC,Gatefosse,(주)노바켐,무작위,원료실
MAG-0007,HIZ Wheat Protein,즐거운회사,즐거운회사,무작위,원료실
MAG-0009,Green Tea Ext.,㈜즐거운회사,㈜즐거운회사,무작위,원료실
MAG-0012,자몽추출물-PF,㈜즐거운회사,㈜즐거운회사,무작위,원료실
MAG-0021,갈락토미세스 발효여과물,내추럴솔루션,내추럴솔루션,무작위,원료실
MAG-0022,포도추출물,내추럴솔루션,내추럴솔루션,무작위,원료실
MAG-0023,Guaiazulene [symrise],,이현에프앤씨,무작위,원료실
MAG-0024,감귤추출물-PF,즐거운회사,즐거운회사,무작위,원료실
MAG-0025,고수추출물,내추럴솔루션,내추럴솔루션,무작위,원료실
MAG-0026,검정콩추출물,㈜즐거운회사,㈜즐거운회사,무작위,원료실
MAG-0027,L-Glutathione,"Kyowa Hakko Bio Co., Ltd.",(주)블루켐,무작위,원료실
MAG-0028,녹차파우더 GB 3000,지엔바이오,지엔바이오,무작위,원료실
MAG-0029,가르시니아열매추출물-PF,㈜즐거운회사,㈜즐거운회사,무작위,원료실
MAG-0030,금사연둥지추출물,㈜즐거운회사,㈜즐거운회사,무작위,원료실
MAG-0031,GREEN WS-P HIGH,NATUREX,(주)코스파인,무작위,원료실
MAG-0032,Ginsenosides Solution,옵트바이오,옵트바이오,무작위,원료실
MAG-0033,Ginsenoside Exosome #9,옵트바이오,옵트바이오,무작위,원료실
MAH-0001,위치하젤 추출물,내추럴솔루션,내추럴솔루션,무작위,원료실
MAH-0006,로즈마리추출물,㈜즐거운회사,㈜즐거운회사,무작위,원료실
MAH-0007,Herbasol Ext.Spruce Needles,Cosmetochem,세일,무작위,원료실
MAH-0008,Honey,동서/아카시아,쿠팡,무작위,원료실
MAH-0011,Ivy Ext.(담쟁이),(주)씨앤비바이오,(주)씨앤비바이오,무작위,원료실
MAH-0018,꿀추출물,내추럴솔루션,내추럴솔루션,무작위,원료실
MAH-0019,황토파우더(4000mesh), ,신아무역,무작위,원료실
MAH-0020,해당화뿌리 추출물,내추럴솔루션,내추럴솔루션,무작위,원료실
MAH-0021,스웨덴 홍차추출물(HD),C&B BIO,㈜블루켐,무작위,원료실
MAH-0022,히비스커스꽃추출물,㈜즐거운회사,㈜즐거운회사,무작위,원료실
MAH-0023,Houttuynia Cordata pwd GB 1000,지엔바이오,지엔바이오,무작위,원료실
MAH-0024,홍삼수-HD,㈜즐거운회사,㈜즐거운회사,무작위,원료실
MAH-0025,Hyal 11(T),태신,태신,무작위,원료실
MAI-0003,INFLAX,(주)바이오에프디엔씨,(주)바이오에프디엔씨,무작위,원료실
MAI-0004,아이리스추출물,내추럴솔루션,내추럴솔루션,무작위,원료실
MAI-0005,인삼발효(B)여과물-HD,㈜즐거운회사,㈜즐거운회사,무작위,원료실
MAI-0006,아이슬란드이끼추출물-PF,㈜즐거운회사,㈜즐거운회사,무작위,원료실
MAJ-0001,쟈스민추출물,내추럴솔루션,내추럴솔루션,무작위,원료실
MAJ-0002,차전초(질경이) 추출물,내추럴솔루션,내추럴솔루션,무작위,원료실
MAJ-0003,Jeju Blossom(PD),내추럴솔루션,내추럴솔루션,무작위,원료실
MAJ-0004,제비꽃 추출물,내추럴솔루션,내추럴솔루션,무작위,원료실
MAJ-0005,진주추출물-NP ,내추럴솔루션,내추럴솔루션,무작위,원료실
MAJ-0006,작약꽃추출물,(주)즐거운회사,(주)즐거운회사,무작위,원료실
MAK-0001,Keratin H-HD,(주)즐거운회사,(주)즐거운회사,무작위,원료실
MAL-0001,L-Arginine,대상,(주)한백씨앤에프,무작위,원료실
MAL-0013,다시마추출물-PF,즐거운회사,즐거운회사,무작위,원료실
MAL-0014,백합추출물,내추럴솔루션,내추럴솔루션,무작위,원료실
MAL-0015,Lactobiol Liquid PF,I.D.bio,썬화인글로벌,무작위,원료실
MAL-0016,라벤더추출물-NS,내추럴솔루션,내추럴솔루션,무작위,원료실
MAL-0017,Organic Lemonbalm Water,내추럴솔루션,내추럴솔루션,무작위,원료실
MAL-0018,레몬추출물,내추럴솔루션,내추럴솔루션,무작위,원료실
MAL-0019,Lovely Berry 4 Complex,내추럴솔루션,내추럴솔루션,무작위,원료실
MAL-0020,라임추출물,내추럴솔루션,내추럴솔루션,무작위,원료실
MAL-0021,Lavender Extract-PD,내추럴솔루션,내추럴솔루션,무작위,원료실
MAL-0022,락토바실러스발효물-HD,(주)즐거운회사,(주)즐거운회사,무작위,원료실
MAL-0023,리치열매추출물,(주)즐거운회사,(주)즐거운회사,무작위,원료실
MAL-0024,Lacto 10 Complex,내추럴솔루션,내추럴솔루션,무작위,원료실
MAM-0001,Marigold Ext.(금잔화),(주)즐거운회사,(주)즐거운회사,무작위,원료실
MAM-0003,Mulberry Ext.(BG),Marusen,유로코스텍,무작위,원료실
MAM-0011,Marine Collagen (KV),㈜단정바이오,케이에스캠,무작위,원료실
MAM-0015,Mela white Complex,더마랩,이스티온네이처,무작위,원료실
MAM-0016,맥반석(신),동서캠,동서캠,무작위,원료실
MAM-0017,Milk,서울우유,서울우유,무작위,원료실
MAM-0019,Microzest Coffee,,지코,무작위,원료실
MAM-0025,Magic Solution 9507,더마랩,더마랩,무작위,원료실
MAM-0026,모링가잎추출물,내추럴솔루션,내추럴솔루션,무작위,원료실
MAM-0027,우유추출물-NP,내추럴솔루션,내추럴솔루션,무작위,원료실
MAM-0028,망고추출물,내추럴솔루션,내추럴솔루션,무작위,원료실
MAM-0029,Marine Collagen (KV) (H),㈜단정바이오,케이에스켐,무작위,원료실
MAM-0030,MSM,Hangzhou Ruijiang Chemical,지코,무작위,원료실
MAM-0031,마카추출물,(주)즐거운회사,(주)즐거운회사,무작위,원료실
MAM-0032,MultiEx BSASM Plus,바이오스펙트럼㈜,바이오스펙트럼㈜,무작위,원료실
MAM-0033,Melafresh T96,Southern Cross Botanicals Pty Ltd,(주)블루켐,무작위,원료실
MAM-0034,MS-NeoBead GR13(G),미산캠프인터내셔널,미산캠프인터내셔널,무작위,원료실
MAM-0035,Madecassoside 90,"Nanning Xingjing
Technology",인코스,무작위,원료실
MAM-0036,마트리카리아꽃수-HD,즐거운회사,즐거운회사,무작위,원료실
MAN-0001,Nicotinamide PC,DSM,세로켐,무작위,원료실
MAN-0003,Nutrilan-H,코그니스,코그니스코리아,무작위,원료실
MAN-0005,Nayasol-99,MDH Laboratories,태성사,무작위,원료실
MAN-0008,Nanoceramide(5%),H&A 파마켐,샘스씨앤에스,무작위,원료실
MAN-0009,NSG,팁스트레이드,팁스트레이드,무작위,원료실
MAN-0010,난황추출물-PF,(주)즐거운회사,(주)즐거운회사,무작위,원료실
MAN-0011,Nanoactive RAL,HANGZHOU LINGEBA TECHNOLOGY,㈜에코텍아이앤씨,무작위,원료실
MAO-0006,오렌지추출물-PF,즐거운회사,즐거운회사,무작위,원료실
MAO-0007,Oat Extract,더마랩,더마랩,무작위,원료실
MAO-0008,온천수-WP,내추럴솔루션,내추럴솔루션,무작위,원료실
MAO-0009,오이추출물-PF,(주)즐거운회사,(주)즐거운회사,무작위,원료실
MAP-0011,하이드롤라이즈드실크-HD,(주)즐거운회사,(주)즐거운회사,무작위,원료실
MAP-0015,Phytokine,Coletica,세일 ,무작위,원료실
MAP-0016,Prodhy Ext' AHA,Prod'hyg,욱성물산,무작위,원료실
MAP-0018,Photopreventine (Structurine),Silab,에스앤디랩,무작위,원료실
MAP-0019,Portulaca Ext. (마치현),유로코스텍,씨앤비바이오,무작위,원료실
MAP-0020,Phyto Protein Complex (= PHYTOKERATIN),즐거운회사,즐거운회사,무작위,원료실
MAP-0021,Pine bud Extract,바이오랜드,바이오랜드,무작위,원료실
MAP-0022,석류추출물(Punica Extract),유로코스텍,유로코스텍,무작위,원료실
MAP-0027,Pumpkin Powder,GreenTek21,에스앤디랩,무작위,원료실
MAP-0028,Phyto Oligo,더마랩, 더마랩,무작위,원료실
MAP-0029,편강추출물,내추럴솔루션,내추럴솔루션,무작위,원료실
MAP-0030,Phyto Aqua HA-05,케미랜드,케미랜드,무작위,원료실
MAP-0031,편백나무추출물,내추럴솔루션,내추럴솔루션,무작위,원료실
MAP-0032,Phytobright-FR(PD),내추럴솔루션,내추럴솔루션,무작위,원료실
MAP-0033,프로폴리스 추출물,내추럴솔루션,내추럴솔루션,무작위,원료실
MAP-0034,복숭아추출물,내추럴솔루션,내추럴솔루션,무작위,원료실
MAP-0035,Peptuin 9 Balance,(주)바이오에프디엔씨,(주)바이오에프디엔씨,무작위,원료실
MAP-0036,프로폴리스 추출수,(주)즐거운회사,(주)즐거운회사,무작위,원료실
MAP-0037,패션프룻열매추출물,(주)즐거운회사,(주)즐거운회사,무작위,원료실
MAP-0038,Puensomes Yellow02 40/60,Puenbiotech Shanghai,인코스,무작위,원료실
MAP-0039,AIO Marine Plant PDRN,올인원진텍,이와세코스파한국㈜,무작위,원료실
MAP-0040,Phytoserene,ROELMI HPC,가나씨앤피,무작위,원료실
MAR-0006,Rose Water,ENNAGRAM,(주)디알 켐 무역,무작위,원료실
MAR-0010,Retisome 500-LPN,바이오엔텍,에스앤디랩,무작위,원료실
MAR-0011,Red Wine Extract,더마랩,더마랩,무작위,원료실
MAR-0012,홍삼추출물-Ev,(주)즐거운회사,(주)즐거운회사,무작위,원료실
MAR-0013,루이보스차 추출물,내추럴솔루션,내추럴솔루션,무작위,원료실
MAR-0014,로즈오브예리코 추출물,내추럴솔루션,내추럴솔루션,무작위,원료실
MAR-0015,RCe(LS) FM-HD,(주)즐거운회사,(주)즐거운회사,무작위,원료실
MAR-0016,RNC 2118,G&B BIO,(주)블루켐,무작위,원료실
MAR-0017,쌀가루 [햇쌀마루/박력쌀가루],햇쌀마루,주식회사 에스에이컴퍼니,무작위,원료실
MAS-0003,Skimmed Milk Powder,서울우유,서울우유,무작위,원료실
MAS-0004,Steviten-SG,대평,해피콜,무작위,원료실
MAS-0008,조류(Algae)추출물,(주)즐거운회사,(주)즐거운회사,무작위,원료실
MAS-0009,Snow White Coral Alga,Campo R & D,오네스,무작위,원료실
MAS-0011,Sericin Liquid B,Ichimaru,유로코스텍,무작위,원료실
MAS-0012,Song-Yi Mushroom Extract,Campo R & D,오네스,무작위,원료실
MAS-0016,상황버섯 추출물,유로코스텍,유로코스텍,무작위,원료실
MAS-0017,Seboclear,Rahn AG,비젼화학,무작위,원료실
MAS-0018,쌀추출물,(주)즐거운회사,(주)즐거운회사,무작위,원료실
MAS-0019,Strawberry Extract,내추럴솔루션,내추럴솔루션,무작위,원료실
MAS-0020,SNLT Adenoshere 2.0,바이오스펙트럼,한화에프앤씨,무작위,원료실
MAS-0021,Seed Complex,(주)씨앤비바이오,(주)씨앤비바이오,무작위,원료실
MAS-0022,페퍼민트 추출물,내추럴솔루션,내추럴솔루션,무작위,원료실
MAS-0023,헨나추출물 ,(주)즐거운회사(주)즐거운회사20000,,무작위,원료실
MAS-0025,SFE Black Rice ,Greentek21,에스앤디랩,무작위,원료실
MAS-0026,Stay -C50,DSM,세로켐,무작위,원료실
MAS-0027,Skin Plus Calm,내추럴솔루션,내추럴솔루션,무작위,원료실
MAS-0028,달팽이점액여과물-PF,(주)즐거운회사(주)즐거운회사20000,,무작위,원료실
MAS-0029,생모단-Evas,내추럴솔루션,내추럴솔루션,무작위,원료실
MAS-0030,솔잎가루,대박식품,청명약초,무작위,원료실
MAS-0031,Sage Extract-PD,내추럴솔루션,내추럴솔루션,무작위,원료실
MAS-0032,사철쑥추출물,(주)즐거운회사,(주)즐거운회사,무작위,원료실
MAS-0033,사탕무뿌리추출물-PF,(주)즐거운회사,(주)즐거운회사,무작위,원료실
MAS-0034,스피룰리나추출물,(주)즐거운회사,(주)즐거운회사,무작위,원료실
MAS-0035,실크추출물,(주)즐거운회사,(주)즐거운회사,무작위,원료실
MAS-0036,생강추출물-PF,(주)즐거운회사,(주)즐거운회사,무작위,원료실
MAS-0037,Sytenol A,Sytheon,㈜블루켐,무작위,원료실
MAS-0038,Sodium Hyaluronate Powder(120만),Shandong Focusfreda Biotech Co,(주)블루켐,무작위,원료실
MAS-0039,SinoWhite TXA,주식회사썬화인글로벌,주식회사썬화인글로벌,무작위,원료실
MAS-0040,OPT Sugar Cane Extract (HD),옵트바이오,옵트바이오,무작위,원료실
MAS-0041,산호추출물-PF,(주)즐거운회사,(주)즐거운회사,무작위,원료실
MAS-0042,SpecWhite 03,Spec-Chem Industry Inc,(주)초이스엔텍,무작위,원료실
MAT-0005,Tensine(with preservative),Silab ,윤영무역,무작위,원료실
MAT-0008,Tomato Extract,내추럴솔루션,내추럴솔루션,무작위,원료실
MAT-0009,T-Flower Complex,내추럴솔루션,내추럴솔루션,무작위,원료실
MAT-0010,Tropical Fruits Complex-GS,내추럴솔루션,내추럴솔루션,무작위,원료실
MAT-0011,탄산수,(주)즐거운회사,(주)즐거운회사,무작위,원료실
MAT-0012,티트리잎추출물-PF,(주)즐거운회사,(주)즐거운회사,무작위,원료실
MAT-0013,티트리잎수-HE,(주)즐거운회사,(주)즐거운회사,무작위,원료실
MAT-0014,TECA 90,Nanning Xingjing Technology,인코스,무작위,원료실
MAU-0002,Unibiovit B-332,(주)씨앤비바이오,(주)씨앤비바이오,무작위,원료실
MAU-0003,Unipearls SGE,Induchem,케이에스켐,무작위,원료실
MAU-0004,Unipearls SRE,Induchem,케이에스켐,무작위,원료실
MAU-0005,유자추추물-PF,(주)즐거운회사,(주)즐거운회사,무작위,원료실
MAU-0006,울릉해양심층수-THD,더가든오브내추럴솔루션,더가든오브내추럴솔루션,무작위,원료실
MAV-0002,Vitamin-E Acetate,DSM,세로켐,무작위,원료실
MAV-0004,Vegebios of Pineapple,C.E.P,세일 ,무작위,원료실
MAV-0005,파파야열매추출물,즐거운회사,즐거운회사,무작위,원료실
MAV-0006,Vitasome Complexe,바이오엔텍,에스앤디랩,무작위,원료실
MAV-0007,비타민수,(주)즐거운회사,(주)즐거운회사,무작위,원료실
MAV-0008,Vita CE 990,(주)케미랜드,(주)케미랜드,무작위,원료실
MAV-0009,비니거추출물,(주)즐거운회사,(주)즐거운회사,무작위,원료실
MAV-0010,Vita 11 TS (C),태신,태신,무작위,원료실
MAV-0011,Vitamin B12 Cryst,DSM,세로켐,무작위,원료실
MAV-0012,VDRN DamaskRosa,지앤비바이오,블루켐,무작위,원료실
MAW-0002,백차(White Tea),GreenTek21,에스앤디랩,무작위,원료실
MAY-0002,Yucca Glauca Extract,,,무작위,원료실
MAY-0003,윤부용 (Yoon Bu Yong),dermalab,이스티온네이처(Isty On Nature),무작위,원료실
MAY-0005,산다화추출물(동백꽃추출물),내추럴솔루션,내추럴솔루션,무작위,원료실
MAY-0007,약쑥 추출물,내추럴솔루션,내추럴솔루션,무작위,원료실
MAY-0008,양배추 추출물,내추럴솔루션,내추럴솔루션,무작위,원료실
MAY-0009,연꽃추출물-SP,내추럴솔루션,내추럴솔루션,무작위,원료실
MAY-0010,약모밀추출물-PF,(주)즐거운회사,(주)즐거운회사,무작위,원료실
MAY-0011,YNC 1113,G&B BIO,㈜블루켐,무작위,원료실
MAZ-0002,Zetazome Co Q10 AQ 1,,에스앤디랩,무작위,원료실
MCB-0002,Blue No 1,Kiriya chem,보락,무작위,원료실
MCB-0004,Eco - Blue,FC&F,미시우먼,무작위,원료실
MCB-0005,Eco - Brown,,,무작위,원료실
MCC-0001,카카오색소,,이현에프앤에프,무작위,원료실
MCC-0002,Colorona Gold Plus MP-25,Merck,케미랜드,무작위,원료실
MCC-0003,Cosmetica Crystal White 9001P,Merck,케미랜드,무작위,원료실
MCC-0004,카라멜,,인터넷구매,무작위,원료실
MCC-0005,C61-1245,SunChemical,케이에스켐,무작위,원료실
MCC-0006,Cosmi 100,fuzhou kuncai fine chemicals co. ltd,(주)나노젠,무작위,원료실
MCC-0007,CC Bead WTY,(주)케미랜드,(주)케미랜드,무작위,원료실
MCC-0008,CC Bead WTR,(주)케미랜드,(주)케미랜드,무작위,원료실
MCC-0009,Cosmi KC 8900,KUNCAI,나노젠,무작위,원료실
MCC-0010,"Gardenia Safflower Extract-
BS (powder) [수용성]",정도화학,정도화학,무작위,원료실
MCC-0011,Cosmi 8856,"FUJIAN KUNCAI 
MATERIAL TECHNOLOGY",나노젠,무작위,원료실
MCD-0009,D&C Yellow No.11(kishi),Kishi Kasei,신양무역,무작위,원료실
MCF-0001,FD&C Blue No.1(Kishi),㈜보락,신양무역,무작위,원료실
MCF-0002,FD&C Green No.3(Kishi),Kishi Kasei,신양무역,무작위,원료실
MCF-0005,황색 4호 (FD_C Yellow No.5) [Kishi],Kishi Kasei,신양무역,무작위,원료실
MCF-0006,FD&C Yellow No.6(Kishi),Kishi Kasei,신양무역,무작위,원료실
MCG-0001,Eco-Hunter Green,,,무작위,원료실
MCO-0001,Orange 205,Kishi Kasei,신양무역,무작위,원료실
MCP-0001,Eco - Purple,,,무작위,원료실
MCR-0001,R-2 (아마란스),㈜보락,신양무역,무작위,원료실
MCR-0002,R-401(비오라민),Kishi Kasei,신양무역,무작위,원료실
MCR-0005,RED 227,Kishi Kasei,신양무역,무작위,원료실
MCR-0006,RED 225,Kishi Kasei,신양무역,무작위,원료실
MCR-0007,RED 504,Kishi Kasei,신양무역,무작위,원료실
MCR-0008,RED 102,Kishi Kasei,신양무역,무작위,원료실
MCR-0009,Eco - Red,FC&F,미시우먼,무작위,원료실
MCT-0006,Tiovel AQ-G,타임향료,타임향료,무작위,원료실
MCT-0007,Timiron Splendid Red,Merck,케미랜드,무작위,원료실
MCT-0008,Tio2 CR-50,ISK,케미랜드,무작위,원료실
MCT-0009,Tarox LL-XLO,,,무작위,원료실
MCT-0010,Tarox R-516-L,,㈜케이에스켐,무작위,원료실
MCU-0001,Ultramarine Blue AS,UNIVAR,케미랜드,무작위,원료실
MCU-0002,UltraMarine Violet 12,VENATOR,㈜케이에스켐,무작위,원료실
MCV-0001,"VIOLET No,401(자색401호)",Kishi Kasei,신양무역,무작위,원료실
MCY-0001,Eco - Yellow,FC&F,미시우먼,무작위,원료실
MDA-0001,Aerosil 200,Evonik,(주)블루켐,무작위,원료실
MDA-0002,Aerosil R 972,Evonik,(주)블루켐,무작위,원료실
MDA-0003,Apricot pwd GB 500,GN Bio,GN Bio,무작위,원료실
MDB-0002,BBC Color Base(#23),보광화학,보광화학,무작위,원료실
MDC-0001,CosRED™,ARGILE DU VELAY,(주)한주씨앤씨,무작위,원료실
MDD-0001,DRY-FLO PC,Akzo Nobel,주식회사 한송,무작위,원료실
MDE-0001,EVAS BB Color Base-Light 01,,케미랜드,무작위,원료실
MDG-0001,Garcinia pwd GB 50,지엔바이오,지엔바이오,무작위,원료실
MDI-0001,Inducos 10/5,Induchem,젠슨리무역,무작위,원료실
MDK-0001,Kaolin JP-100,BRENNTAG SPECIALTIES.INC,(주)이현에프앤씨,무작위,원료실
MDP-0004,Puennature 7027,puenbiotech,인코스㈜,무작위,원료실
MDS-0012,Silight 10M DS,보광화학,보광화학,무작위,원료실
MDS-0013,SUNPMMA-S,선진화학,보광화학,무작위,원료실
MDS-0014,Supersil 5500,,㈜씨엔텍,무작위,원료실
MDS-0015,Silnos XL200,ABCNANOTECH,(주)미산캠프인터내셔널,무작위,원료실
MDS-0016,Silnos 130,ABCNANOTECH,(주)미산캠프인터내셔널,무작위,원료실
MDT-0009,Tio2 Nanosil,보광화학,보광화학,무작위,원료실
MFA-0012,Aloe H15036,한불화농,한불화농,무작위,원료실
MFA-0013,Acacia 35765,고려애프앤애프,고려애프앤애프,무작위,원료실
MFA-0014,Art Show A CSN040444,키맥스㈜,키맥스㈜,무작위,원료실
MFA-0015,Anita-31715,쎈텍㈜,쎈텍㈜,무작위,원료실
MFA-0016,Air Freshner A63454,고려애프앤애프,고려애프앤애프,무작위,원료실
MFB-0001,Baby Powder 40019S,,,무작위,원료실
MFB-0009,BTS 08346,Givaudan ,지보단코리아,무작위,원료실
MFB-0014,Body Cleanser A15385,한불화농,한불화농,무작위,원료실
MFB-0016,Body Cleanser A15194,한불화농,한불화농,무작위,원료실
MFB-0017,BODY CLEANSER A15752/R1,한불화농,한불화농,무작위,원료실
MFB-0019,Body Care HP-73035,한빛향료,한빛향료,무작위,원료실
MFB-0020,Body Care E15284,한불화농,한불화농,무작위,원료실
MFB-0021,Body Oil F15295,한불화농,한불화농,무작위,원료실
MFB-0022,Body Cleanser 70822,고려애프앤애프,고려애프앤애프,무작위,원료실
MFB-0024,Body Care 71021,고려애프앤애프,고려애프앤애프,무작위,원료실
MFB-0025,BODY Care 71008,고려애프앤애프,고려애프앤애프,무작위,원료실
MFB-0026,Body Care 71247,고려애프앤애프,고려애프앤애프,무작위,원료실
MFB-0027,Blueberry 70939,고려애프앤애프,고려애프앤애프,무작위,원료실
MFB-0028,Body Care 71562/R,고려애프앤애프,고려애프앤애프,무작위,원료실
MFB-0029,Body Care 73126,고려애프앤애프,고려애프앤애프,무작위,원료실
MFB-0030,Body Care 73121N,고려애프앤애프,고려애프앤애프,무작위,원료실
MFB-0031,Balm Mint 80961,타임향료,타임향료,무작위,원료실
MFB-0032,Body care 73625(모링가2),고려애프앤애프,고려애프앤애프,무작위,원료실
MFB-0033,Biyeon Innocent FP10014854,키맥스㈜,키맥스㈜,무작위,원료실
MFB-0034,Black Volume B CSN098974,키맥스㈜,키맥스㈜,무작위,원료실
MFB-0035,Body Care 74832,고려애프앤애프,고려애프앤애프,무작위,원료실
MFB-0036,Body Care 77029,고려애프앤애프,고려애프앤애프,무작위,원료실
MFB-0037,Baby Care 29954/BF,고려애프앤애프,고려애프앤애프,무작위,원료실
MFB-0038,Body Care 78168,고려애프앤애프,고려애프앤애프,무작위,원료실
MFB-0039,Body Care 78444,고려애프앤애프,고려애프앤애프,무작위,원료실
MFB-0040,Body Care 78443N,고려애프앤애프,고려애프앤애프,무작위,원료실
MFB-0041,Body Care 78830,고려애프앤애프,고려애프앤애프,무작위,원료실
MFB-0042,Body Care 95-H15196/R,,㈜한불화농,무작위,원료실
MFB-0043,Body Care 79805/BF,고려에프앤에프,고려에프앤에프,무작위,원료실
MFB-0044,Body Care 79312,고려에프앤에프,고려에프앤에프,무작위,원료실
MFB-0045,Body Care 79315,고려에프앤에프,고려에프앤에프,무작위,원료실
MFB-0046,Body Care 79787/BF,고려에프앤에프,고려에프앤에프,무작위,원료실
MFB-0047,Body Care 76826/BF,고려에프앤에프,고려에프앤에프,무작위,원료실
MFB-0048,Body Care A70234,고려에프앤에프,고려에프앤에프,무작위,원료실
MFB-0049,Body Care 78446,고려에프앤에프,고려에프앤에프,무작위,원료실
MFB-0050,Body Care A70497,고려에프앤에프,고려에프앤에프,무작위,원료실
MFB-0051,Body Care A70499,고려에프앤에프,고려에프앤에프,무작위,원료실
MFB-0052,Body care A70751,고려에프앤에프,고려에프앤에프,무작위,원료실
MFB-0053,Body Care A70797/BF [= 구 (Body Care A70797/LF)],고려에프앤에프,고려에프앤에프,무작위,원료실
MFB-0054,Orange Blossom HP-BA51205,한빛향료,55000,무작위,원료실
MFB-0055,Body Care A71866,고려에프앤에프,고려에프앤에프,무작위,원료실
MFB-0056,Body care A71902,고려에프앤에프,고려에프앤에프,무작위,원료실
MFB-0057,Body care A71905,고려에프앤에프,고려에프앤에프,무작위,원료실
MFB-0058,Body care A71986,고려에프앤에프,고려에프앤에프,무작위,원료실
MFB-0059,Body Care A73562/BF,고려에프앤에프,고려에프앤에프,무작위,원료실
MFB-0060,Body Wash A73993,고려에프앤에프,고려에프앤에프,무작위,원료실
MFB-0061,Body care A74182,고려에프앤에프,고려에프앤에프,무작위,원료실
MFB-0062,Body care A73565,고려에프앤에프,고려에프앤에프,무작위,원료실
MFB-0063,Body care A74227,고려에프앤에프,고려에프앤에프,무작위,원료실
MFB-0064,Body care A74232,고려에프앤에프,고려에프앤에프,무작위,원료실
MFB-0065,Body care A74229,고려에프앤에프,고려에프앤에프,무작위,원료실
MFB-0066,Body care A73561,고려에프앤에프,고려에프앤에프,무작위,원료실
MFB-0067,Petite Cherie HP-BA51207,한빛향료,한빛향료,무작위,원료실
MFB-0068,Body Care A75569,고려에프앤에프,고려에프앤에프,무작위,원료실
MFB-0069,Body Care A74000,고려에프앤에프,고려에프앤에프,무작위,원료실
MFB-0070,Body Care A76157/BF,고려에프앤에프,고려에프앤에프,무작위,원료실
MFB-0071,Body Care A76443/BF,고려에프앤에프,고려에프앤에프,무작위,원료실
MFB-0072,Body Care A76444,고려에프앤에프,고려에프앤에프,무작위,원료실
MFB-0074,Body Mist A77013,고려에프앤에프,고려에프앤에프,무작위,원료실
MFB-0075,Bergamot Oil (Italy),ALBERT VIEILLE,도터라인,무작위,원료실
MFB-0076,Body Care A78500,고려에프앤에프,고려에프앤에프,무작위,원료실
MFB-0077,Body Care B71555,고려에프앤에프,고려에프앤에프,무작위,원료실
MFB-0078,Body Care B71590,고려에프앤에프,고려에프앤에프,무작위,원료실
MFB-0079,Body Care B71588/BF,고려에프앤에프,고려에프앤에프,무작위,원료실
MFB-0080,Body Care A73997/BF,고려에프앤에프,고려에프앤에프,무작위,원료실
MFB-0081,Body Care B72755,고려에프앤에프,고려에프앤에프,무작위,원료실
MFB-0082,Body Care B72756,고려에프앤에프,고려에프앤에프,무작위,원료실
MFB-0083,Body Care B72757,고려에프앤에프,고려에프앤에프,무작위,원료실
MFB-0084,Body Care 78144/BF,고려에프앤에프,고려에프앤에프,무작위,원료실
MFB-0085,Body Care B74999,고려에프앤에프,고려에프앤에프,무작위,원료실
MFB-0086,Body Care B75244,고려에프앤에프,고려에프앤에프,무작위,원료실
MFB-0087,Body Mist B76462,고려에프앤에프,고려에프앤에프,무작위,원료실
MFB-0088,Body Mist B76501,고려에프앤에프,고려에프앤에프,무작위,원료실
MFB-0089,Body Care B77016,고려에프앤에프,고려에프앤에프,무작위,원료실
MFB-0090,Body Care B74591,고려에프앤에프,고려에프앤에프,무작위,원료실
MFB-0091,Body Care B77646,고려에프앤에프,고려에프앤에프,무작위,원료실
MFB-0092,BIO-WS-501,송하F&F,송하F&F,무작위,원료실
MFB-0093,BODY CARE B79304,고려에프앤에프,고려에프앤에프,무작위,원료실
MFB-0094,Body Care C71340,고려에프앤에프,고려에프앤에프,무작위,원료실
MFB-0095,Body Care C71343,고려에프앤에프,고려에프앤에프,무작위,원료실
MFB-0096,Body Care D76437,고려에프앤에프,고려에프앤에프,무작위,원료실
MFB-0097,Body Care C75743,고려에프앤에프,고려에프앤에프,무작위,원료실
MFB-0098,Body Care C76834,고려에프앤에프,고려에프앤에프,무작위,원료실
MFB-0099,Body Care C74604,고려에프앤에프,고려에프앤에프,무작위,원료실
MFB-0100,Body Care C77109,고려에프앤에프,고려에프앤에프,무작위,원료실
MFB-0101,Body Care C77113,고려에프앤에프,고려에프앤에프,무작위,원료실
MFB-0102,Body Care C77322,고려에프앤에프,고려에프앤에프,무작위,원료실
MFB-0103,Body Care C77110,고려에프앤에프,고려에프앤에프,무작위,원료실
MFB-0104,BODY CARE D70947,고려에프앤에프,고려에프앤에프,무작위,원료실
MFB-0105,BODY CARE D73906,고려에프앤에프,고려에프앤에프,무작위,원료실
MFB-0106,Body Care D73778,고려에프앤에프,고려에프앤에프,무작위,원료실
MFB-0107,Body Care D73994,고려에프앤에프,고려에프앤에프,무작위,원료실
MFB-0108,Body Care D73887,고려에프앤에프,고려에프앤에프,무작위,원료실
MFB-0109,Body Care D77333,고려에프앤에프,고려에프앤에프,무작위,원료실
MFC-0016,Cologne EV 5218,Ogawa,금도무역,무작위,원료실
MFC-0017,Curve 404,UngreerLimited,송하무역,무작위,원료실
MFC-0019,Cologne Eva FW9013575,키맥스향료,키맥스향료,무작위,원료실
MFC-0020,Charming Bouquet A CSN064075 (구 FY4017811),키맥스향료,키맥스향료,무작위,원료실
MFC-0021,Citrus Floral 4P00134,한불화농,한불화농,무작위,원료실
MFC-0022,Collagen 100813,타임향료,타임향료,무작위,원료실
MFC-0023,Coffeebean-25476,㈜쎈텍,㈜쎈텍,무작위,원료실
MFC-0024,Citrus Sweet 15P02822,한불화농,한불화농,무작위,원료실
MFC-0025,Captivation-52B,,㈜아로마뱅크,무작위,원료실
MFC-0026,Candle 96878,㈜고려에프앤에프,㈜고려에프앤에프,무작위,원료실
MFC-0027,Candle 97590,㈜고려에프앤에프,㈜고려에프앤에프,무작위,원료실
MFC-0028,Candle 97591,㈜고려에프앤에프,㈜고려에프앤에프,무작위,원료실
MFC-0029,Candle 97622,㈜고려에프앤에프,㈜고려에프앤에프,무작위,원료실
MFC-0030,Candle 97623,㈜고려에프앤에프,㈜고려에프앤에프,무작위,원료실
MFC-0031,Candle 97235,㈜고려에프앤에프,㈜고려에프앤에프,무작위,원료실
MFC-0032,Candle 99626,㈜고려에프앤에프,㈜고려에프앤에프,무작위,원료실
MFC-0033,Candle 97231,㈜고려에프앤에프,㈜고려에프앤에프,무작위,원료실
MFC-0034,Citronella Oil,,타임향료,무작위,원료실
MFD-0006,동백 J15459/R,한불화농,한불화농,무작위,원료실
MFD-0007,동백 J15460,한불화농,한불화농,무작위,원료실
MFD-0008,Diffuser 69418,㈜고려에프앤에프,㈜고려에프앤에프,무작위,원료실
MFD-0009,Diffuser 69419,㈜고려에프앤에프,㈜고려에프앤에프,무작위,원료실
MFE-0001,EBS-59,지보단 ,지보단코리아,무작위,원료실
MFE-0002,EBS Plus B CSN087375,키맥스향료,키맥스향료,무작위,원료실
MFE-0004,EV-51309,Ogawa,금도무역,무작위,원료실
MFE-0005,Evas-51314,"Ogawa,쎈텍㈜","금도무역,쎈텍㈜",무작위,원료실
MFE-0018,Elegy-31714,쎈텍㈜,쎈텍㈜,무작위,원료실
MFE-0019,Essential Complex 190601,타임향료,타임향료,무작위,원료실
MFE-0020,Eucalyptus Oil,doingcom,(주)도터라인,무작위,원료실
MFE-0021,Essential Complex 200602,타임향료,타임향료,무작위,원료실
MFF-0003,Ferra One FY8008187,키맥스향료,키맥스향료,무작위,원료실
MFF-0004,Ferra One MX FS2015418,키맥스향료,키맥스향료,무작위,원료실
MFF-0005,Frag-24221,쎈텍㈜,쎈텍㈜,무작위,원료실
MFF-0006,Frag-25071,쎈텍㈜,쎈텍㈜,무작위,원료실
MFF-0007,Frag-27330,쎈텍㈜,쎈텍㈜,무작위,원료실
MFF-0008,Frag-28644,쎈텍㈜,쎈텍㈜,무작위,원료실
MFF-0009,Frag-28645,쎈텍㈜,쎈텍㈜,무작위,원료실
MFF-0010,Frag-27860,쎈텍㈜,쎈텍㈜,무작위,원료실
MFF-0011,Fresh Floral 15P03560,한불화농,한불화농,무작위,원료실
MFF-0012,Floral Powdery 95-L15336/R,한불화농,한불화농,무작위,원료실
MFF-0014,Floral Fruity D50866,한불화농,한불화농,무작위,원료실
MFF-0015,Floral Fresh 15P04546,한불화농,한불화농,무작위,원료실
MFF-0016,Frag - 29110,쎈텍㈜,쎈텍㈜,무작위,원료실
MFF-0017,Fresh Floral 15P04551,,,무작위,원료실
MFF-0018,Florista A121205,타임향료,타임향료,무작위,원료실
MFF-0019,Frag-61304,,,무작위,원료실
MFF-0020,Frag-62975,쎈텍,쎈텍,무작위,원료실
MFF-0021,Frag-42322,쎈텍,쎈텍,무작위,원료실
MFF-0022,Frag-42325,쎈텍,쎈텍,무작위,원료실
MFF-0023,Frag-42492,쎈텍,쎈텍,무작위,원료실
MFF-0024,Frag-49226,쎈텍,쎈텍,무작위,원료실
MFF-0025,Frag-86711,쎈텍,쎈텍,무작위,원료실
MFF-0026,Frag-49228,쎈텍,쎈텍,무작위,원료실
MFF-0027,Frag-51142,쎈텍,쎈텍,무작위,원료실
MFF-0028,Frag-48903 ,쎈텍,쎈텍,무작위,원료실
MFF-0029,Frag-42501,쎈텍,쎈텍,무작위,원료실
MFF-0030,Frag-49225,쎈텍,쎈텍,무작위,원료실
MFF-0031,Frag-86911,쎈텍,쎈텍,무작위,원료실
MFF-0032,Frag-86912,쎈텍,쎈텍,무작위,원료실
MFF-0033,Frag-51141,쎈텍,쎈텍,무작위,원료실
MFF-0034,Frag-42499,쎈텍,쎈텍,무작위,원료실
MFF-0035,Frag-82704,쎈텍,쎈텍,무작위,원료실
MFF-0036,Frag-92520,쎈텍,쎈텍,무작위,원료실
MFF-0037,Frag-52231,쎈텍,쎈텍,무작위,원료실
MFF-0038,Frag-42315,쎈텍,쎈텍,무작위,원료실
MFF-0039,Frag-52229,쎈텍,쎈텍,무작위,원료실
MFF-0040,Frag-49227,쎈텍,쎈텍,무작위,원료실
MFF-0041,Frag-10664,쎈텍,쎈텍,무작위,원료실
MFF-0042,Frag-Y1546,쎈텍,쎈텍,무작위,원료실
MFF-0043,Fragrance A95054,㈜고려에프앤에프,㈜고려에프앤에프,무작위,원료실
MFF-0044,Frag-52233,쎈텍,쎈텍,무작위,원료실
MFF-0045,Frag-42328,쎈텍,쎈텍,무작위,원료실
MFF-0046,Frag-47267,쎈텍,쎈텍,무작위,원료실
MFF-0047,Frag-B2857,쎈텍,쎈텍,무작위,원료실
MFF-0048,FOR SKIN-40W,(주)아로마뱅크,(주)아로마뱅크,무작위,원료실
MFF-0049,FOR SKIN-50W,(주)아로마뱅크,(주)아로마뱅크,무작위,원료실
MFF-0050,FOR HAIR-20H,(주)아로마뱅크,(주)아로마뱅크,무작위,원료실
MFF-0051,FOR SKIN-70W,아로마뱅크,아로마뱅크,무작위,원료실
MFG-0004,Grape 100812,타임향료,타임향료,무작위,원료실
MFG-0005,Ginger Mild FO5021665,키맥스향료,키맥스향료,무작위,원료실
MFG-0006,Grapefruit 95-15P02170,한불화농,한불화농,무작위,원료실
MFH-0001,Herbal Yours FT7017810,키맥스향료,키맥스향료,무작위,원료실
MFH-0005,Hand Care 79102,㈜고려에프앤에프,㈜고려에프앤에프,무작위,원료실
MFH-0006,Herb Garden A121204,타임향료,타임향료,무작위,원료실
MFH-0007,Hinoki A121203,타임향료,타임향료,무작위,원료실
MFH-0008,Hair Care A30107,,,무작위,원료실
MFH-0009,Hand Care A70496,㈜고려에프앤에프,㈜고려에프앤에프,무작위,원료실
MFH-0010,Hair Care A33949,㈜고려에프앤에프,㈜고려에프앤에프,무작위,원료실
MFH-0011,Hair Care HP-707133,(주)한빛향료,(주)한빛향료,무작위,원료실
MFH-0012,Hair Care A37662,㈜고려에프앤에프,㈜고려에프앤에프,무작위,원료실
MFH-0013,H305541,지앤씨코스텍,지앤씨코스텍,무작위,원료실
MFH-0014,HAIR CARE C35232,㈜고려에프앤에프,㈜고려에프앤에프,무작위,원료실
MFH-0015,H305014,지앤씨코스텍,지앤씨코스텍,무작위,원료실
MFH-0016,H305172,지앤씨코스텍,지앤씨코스텍,무작위,원료실
MFK-0007,KX EV - 2078/3,키맥스향료,키맥스향료,무작위,원료실
MFK-0016,KX EV 3110,키맥스향료,키맥스향료,무작위,원료실
MFK-0018,KX EV - 1293,키맥스향료,키맥스향료,무작위,원료실
MFK-0019,KX EV - 2108,키맥스향료,키맥스향료,무작위,원료실
MFK-0020,KX EV - 2121,키맥스향료,키맥스향료,무작위,원료실
MFK-0021,KX EV W0014,키맥스향료,키맥스향료,무작위,원료실
MFK-0022,KX EV - 2106,키맥스향료,키맥스향료,무작위,원료실
MFK-0024,KX EVF 0011,키맥스향료,키맥스향료,무작위,원료실
MFK-0025,KX EVM 0024,키맥스향료,키맥스향료,무작위,원료실
MFK-0026,KXOH 3838,키맥스향료,키맥스향료,무작위,원료실
MFL-0007,Frag - LS2120,,,무작위,원료실
MFL-0009,Essential Lavender Oil,SENSIENT,타임향료,무작위,원료실
MFL-0010,Lavender,타임향료,타임향료,무작위,원료실
MFL-0011,Litsea Cubeba Oil,MOELLHAUSEN SPA,도터라인,무작위,원료실
MFL-0012,Loewe Sutileza-50NAT,아로마뱅크,아로마뱅크,무작위,원료실
MFM-0010,Essential Mandarine Oil,SENSIENT,타임향료,무작위,원료실
MFM-0016,Masculine E11084,한불화농,한불화농,무작위,원료실
MFM-0017,Masculine F11408/R3,한불화농,한불화농,무작위,원료실
MFM-0018,Masculine 11801,고려애프앤애프,고려애프앤애프,무작위,원료실
MFM-0019,민들레 15P03598,한불화농,한불화농,무작위,원료실
MFM-0020,Mega Melon A121202,타임향료,타임향료,무작위,원료실
MFM-0021,Moon Flower A121203,타임향료,타임향료,무작위,원료실
MFM-0022,Masculine 16677,고려애프앤애프,고려애프앤애프,무작위,원료실
MFM-0023,Masculine 15959,고려애프앤애프,고려애프앤애프,무작위,원료실
MFN-0001,Natural Citrus-31559,쎈텍㈜,쎈텍㈜,무작위,원료실
MFO-0005,"Orange Oil, Valencia (sweet)",pentamfg,(주)도터라인,무작위,원료실
MFP-0003,PELT PH-5034005,한국아로마,한국아로마,무작위,원료실
MFP-0004,Peach 71484,고려애프앤애프,고려애프앤애프,무작위,원료실
MFP-0005,Pumpkin A46954,한불화농,한불화농,무작위,원료실
MFP-0006,Perfume E10003 ,한불화농,한불화농,무작위,원료실
MFP-0007,Perfume 26000/BF,고려애프앤애프,고려애프앤애프,무작위,원료실
MFP-0008,Peach K15896,한불화농,한불화농,무작위,원료실
MFP-0009,Peppermint-26640,쎈텍㈜,쎈텍㈜,무작위,원료실
MFP-0010,Perfume 10P01020,고려에프앤에프,고려에프앤에프,무작위,원료실
MFP-0011,Perfume A27986,고려에프앤에프,고려에프앤에프,무작위,원료실
MFP-0012,Perfume A28018,고려에프앤에프,고려에프앤에프,무작위,원료실
MFP-0013,Perfume A27988,고려에프앤에프,고려에프앤에프,무작위,원료실
MFP-0014,Perfume A27987/BF,고려에프앤에프,고려에프앤에프,무작위,원료실
MFP-0015,Perfume B20585,고려에프앤에프,고려에프앤에프,무작위,원료실
MFP-0016,Perfume F22894,고려에프앤에프,고려에프앤에프,무작위,원료실
MFP-0017,Perfume B20017,고려에프앤에프,고려에프앤에프,무작위,원료실
MFP-0018,Perfume B20022/LF,고려에프앤에프,고려에프앤에프,무작위,원료실
MFP-0019,Perfume B20589,고려에프앤에프,고려에프앤에프,무작위,원료실
MFP-0020,Perfume B20023/LF,고려에프앤에프,고려에프앤에프,무작위,원료실
MFP-0021,Perfume B20584,고려에프앤에프,고려에프앤에프,무작위,원료실
MFP-0022,Perfume B22581/LF,고려에프앤에프,고려에프앤에프,무작위,원료실
MFP-0023,Perfume B22582,고려에프앤에프,고려에프앤에프,무작위,원료실
MFP-0024,Perfume B26624,고려에프앤에프,고려에프앤에프,무작위,원료실
MFP-0025,Perfume B26641,고려에프앤에프,고려에프앤에프,무작위,원료실
MFP-0026,Perfume B26642,고려에프앤에프,고려에프앤에프,무작위,원료실
MFP-0027,Perfume B26640,고려에프앤에프,고려에프앤에프,무작위,원료실
MFP-0028,Perfume E25788,고려에프앤에프,고려에프앤에프,무작위,원료실
MFP-0029,Perfume B27553,고려에프앤에프,고려에프앤에프,무작위,원료실
MFP-0030,Perfume B27597,고려에프앤에프,고려에프앤에프,무작위,원료실
MFP-0031,Perfume B27598,고려에프앤에프,고려에프앤에프,무작위,원료실
MFP-0032,Perfume B27554,고려에프앤에프,고려에프앤에프,무작위,원료실
MFP-0033,Perfume F23387 (=구 Perfume B26627),고려에프앤에프,고려에프앤에프,무작위,원료실
MFP-0034,Perfume B20020,고려에프앤에프,고려에프앤에프,무작위,원료실
MFP-0035,Perfume B28339,고려에프앤에프,고려에프앤에프,무작위,원료실
MFP-0036,Petitgrain Oil,ALBERT VIEILLE SAS,도터라인,무작위,원료실
MFP-0037,Perfume C20541,고려에프앤에프,고려에프앤에프,무작위,원료실
MFP-0038,Peppermint Oil [냉장보관],Moellhausen,(주)도터라인,무작위,원료실
MFP-0039,Perfume D21707,고려에프앤에프,고려에프앤에프,무작위,원료실
MFP-0040,Perfume D21708,고려에프앤에프,고려에프앤에프,무작위,원료실
MFP-0041,Perfume D28777,고려에프앤에프,고려에프앤에프,무작위,원료실
MFP-0042,Perfume D28779,고려에프앤에프,고려에프앤에프,무작위,원료실
MFP-0043,PURE COTTON V2,Givaudan ,(주)이우바이오,무작위,원료실
MFR-0004,Essential Rosemary Oil,SENSIENT,타임향료,무작위,원료실
MFR-0005,Rosemary,타임향료,타임향료,무작위,원료실
MFR-0006,Rose 100811,타임향료,타임향료,무작위,원료실
MFR-0007,Rose Verbena-95B,아로마뱅크,아로마뱅크,무작위,원료실
MFS-0007,Stella 237/09,Charabot,샤라보코리아,무작위,원료실
MFS-0008,Stella 238/01,Charabot,샤라보코리아,무작위,원료실
MFS-0012,SE-4462,Givaudan ,지보단코리아,무작위,원료실
MFS-0013,Stella MJZ 257 D,Charabot,샤라보코리아,무작위,원료실
MFS-0015,Sexy Boys GCH 397/D,Charabot,샤라보코리아,무작위,원료실
MFS-0016,Skin Care HP-3875,한빛향료,한빛향료,무작위,원료실
MFS-0017,Skin Care A41106,한불화농,한불화농,무작위,원료실
MFS-0019,Skin Care HP-31705,한빛향료,한빛향료,무작위,원료실
MFS-0020,Skin Care HP-31644,한빛향료,한빛향료,무작위,원료실
MFS-0021,Strawberry A71044,한불화농,한불화농,무작위,원료실
MFS-0023,SHAMPOO 5P11595 [(= 구 SHAMPOO A50245)],한불화농,한불화농,무작위,원료실
MFS-0024,Skin Care A43051,한불화농,한불화농,무작위,원료실
MFS-0025,Skin Care A43053,한불화농,한불화농,무작위,원료실
MFS-0026,Skin Care A44252,한불화농,한불화농,무작위,원료실
MFS-0030,Skin Care 20425,고려애프앤애프,고려애프앤애프,무작위,원료실
MFS-0031,Skin Care A46762,한불화농,한불화농,무작위,원료실
MFS-0032,Shower Cologne 22637,고려애프앤애프,고려애프앤애프,무작위,원료실
MFS-0033,Skin Care A48120,한불화농,한불화농,무작위,원료실
MFS-0034,Skin Care D40151,한불화농,한불화농,무작위,원료실
MFS-0035,Shower Cologne E10041/R,한불화농,한불화농,무작위,원료실
MFS-0036,Shower Cologne E10043/R4,한불화농,한불화농,무작위,원료실
MFS-0037,Shower Colonge D10961/R,한불화농,한불화농,무작위,원료실
MFS-0038,Skin Care 25111,고려애프앤애프,고려애프앤애프,무작위,원료실
MFS-0039,Skin Care HP-308661,한빛향료,한빛향료,무작위,원료실
MFS-0040,Skin Care 29274,고려애프앤애프,고려애프앤애프,무작위,원료실
MFS-0041,Shower Cologne A22576/LF,고려애프앤애프,고려애프앤애프,무작위,원료실
MFS-0042,Sea Voyage-99B,아로마뱅크,아로마뱅크,무작위,원료실
MFS-0043,Skin Care 95-A42109,아로마뱅크,아로마뱅크,무작위,원료실
MFS-0044,SP - 44617,서울향료㈜인천제2공장,서울향료㈜인천제2공장,무작위,원료실
MFS-0045,SP - 44619,서울향료㈜인천제2공장,서울향료㈜인천제2공장,무작위,원료실
MFS-0046,SP - 44861,서울향료㈜인천제2공장,서울향료㈜인천제2공장,무작위,원료실
MFS-0047,S BERRY-55B,,,무작위,원료실
MFS-0048,SKIN CARE A25314,고려에프앤에프,고려에프앤에프,무작위,원료실
MFS-0049,Shower Cologne A27598,고려에프앤에프,고려에프앤에프,무작위,원료실
MFS-0050,Shower Cologne A27600,고려에프앤에프,고려에프앤에프,무작위,원료실
MFS-0051,Shower Cologne A27670,고려에프앤에프,고려에프앤에프,무작위,원료실
MFS-0052,SP-24-11571,서울향료㈜인천제2공장,서울향료㈜인천제2공장,무작위,원료실
MFS-0053,SP - 47337R,서울향료㈜인천제2공장,서울향료㈜인천제2공장,무작위,원료실
MFS-0054,SP-47338,서울향료㈜인천제2공장,서울향료㈜인천제2공장,무작위,원료실
MFS-0055,SP-24-11563,서울향료㈜인천제2공장,서울향료㈜인천제2공장,무작위,원료실
MFS-0056,SP-47468,서울향료㈜인천제2공장,서울향료㈜인천제2공장,무작위,원료실
MFS-0057,SP-47561,서울향료㈜인천제2공장,서울향료㈜인천제2공장,무작위,원료실
MFS-0058,SP-47677,서울향료㈜인천제2공장,서울향료㈜인천제2공장,무작위,원료실
MFS-0059,SP-24-11562,서울향료㈜인천제2공장,서울향료㈜인천제2공장,무작위,원료실
MFS-0060,SP-48069,서울향료㈜인천제2공장,서울향료㈜인천제2공장,무작위,원료실
MFS-0061,SP-24-11539,서울향료㈜인천제2공장,서울향료㈜인천제2공장,무작위,원료실
MFS-0062,SP - 46732N,서울향료㈜인천제2공장,서울향료㈜인천제2공장,무작위,원료실
MFS-0063,SP-49162,서울향료㈜인천제2공장,서울향료㈜인천제2공장,무작위,원료실
MFS-0064,April Fresh SP - 51362,서울향료㈜인천제2공장,서울향료㈜인천제2공장,무작위,원료실
MFS-0065,SP-51363,서울향료㈜인천제2공장,서울향료㈜인천제2공장,무작위,원료실
MFS-0066,웨딩데이 SP - 52027,서울향료㈜인천제2공장,서울향료㈜인천제2공장,무작위,원료실
MFS-0067,SP-52029,서울향료㈜인천제2공장,서울향료㈜인천제2공장,무작위,원료실
MFS-0068,코튼블러썸 SP - 52030,서울향료㈜인천제2공장,서울향료㈜인천제2공장,무작위,원료실
MFS-0069,아로마 캄 SP - 52033,서울향료㈜인천제2공장,서울향료㈜인천제2공장,무작위,원료실
MFS-0070,라벤더바닐라 SP - 52035,서울향료㈜인천제2공장,서울향료㈜인천제2공장,무작위,원료실
MFS-0071,후레쉬밤부 SP - 52463LF,서울향료㈜인천제2공장,서울향료㈜인천제2공장,무작위,원료실
MFS-0072,로즈듀엣 SP - 52465,서울향료㈜인천제2공장,서울향료㈜인천제2공장,무작위,원료실
MFS-0073,블랙체리 SP - 52496,서울향료㈜인천제2공장,서울향료㈜인천제2공장,무작위,원료실
MFS-0074,SP-53046,서울향료㈜인천제2공장,서울향료㈜인천제2공장,무작위,원료실
MFS-0075,SP-53048,서울향료㈜인천제2공장,서울향료㈜인천제2공장,무작위,원료실
MFS-0076,SP-53050,서울향료㈜인천제2공장,서울향료㈜인천제2공장,무작위,원료실
MFS-0077,바이올렛 SP - 52466,서울향료㈜인천제2공장,서울향료㈜인천제2공장,무작위,원료실
MFS-0078,클린브리즈 SP - 51365,서울향료㈜인천제2공장,서울향료㈜인천제2공장,무작위,원료실
MFS-0079,SP-49820,서울향료㈜인천제2공장,서울향료㈜인천제2공장,무작위,원료실
MFS-0080,SP-58794,서울향료㈜인천제2공장,서울향료㈜인천제2공장,무작위,원료실
MFS-0081,SP - 58814LF,서울향료㈜인천제2공장,서울향료㈜인천제2공장,무작위,원료실
MFS-0082,SP-58351,서울향료㈜인천제2공장,서울향료㈜인천제2공장,무작위,원료실
MFS-0083,SP-58562,서울향료㈜인천제2공장,서울향료㈜인천제2공장,무작위,원료실
MFS-0084,SP-59739,서울향료㈜인천제2공장,서울향료㈜인천제2공장,무작위,원료실
MFS-0085,SP-61470,서울향료㈜인천제2공장,서울향료㈜인천제2공장,무작위,원료실
MFS-0086,SP - 64079,서울향료㈜인천제2공장,서울향료㈜인천제2공장,무작위,원료실
MFS-0087,SP - 64080,서울향료㈜인천제2공장,서울향료㈜인천제2공장,무작위,원료실
MFS-0088,Shampoo B30373,고려에프앤에프,( 주）고려에프앤에프,무작위,원료실
MFS-0089,SP - 66896,서울향료㈜인천제2공장,서울향료㈜인천제2공장,무작위,원료실
MFS-0090,SP - 70394,서울향료㈜인천제2공장,서울향료㈜인천제2공장,무작위,원료실
MFS-0091,SP-24-13483,서울향료㈜인천제2공장,서울향료㈜인천제2공장,무작위,원료실
MFS-0092,SP - 70396,서울향료㈜인천제2공장,서울향료㈜인천제2공장,무작위,원료실
MFS-0093,SP - 71732,서울향료㈜인천제2공장,서울향료㈜인천제2공장,무작위,원료실
MFS-0094,SP - 71888,서울향료㈜인천제2공장,서울향료㈜인천제2공장,무작위,원료실
MFS-0095,SP - 72877,서울향료㈜인천제2공장,서울향료㈜인천제2공장,무작위,원료실
MFS-0096,SP - 72878,서울향료㈜인천제2공장,서울향료㈜인천제2공장,무작위,원료실
MFS-0097,Cypress Oil ,Albert Vieille,(주)도터라인,무작위,원료실
MFS-0098,SP - 75446,서울향료㈜인천제2공장,서울향료㈜인천제2공장,무작위,원료실
MFS-0099,SP - 53748,서울향료㈜인천제2공장,서울향료㈜인천제2공장,무작위,원료실
MFS-0100,SP - 81309,서울향료㈜인천제2공장,서울향료㈜인천제2공장,무작위,원료실
MFS-0101,SP - 84979,서울향료㈜인천제2공장,서울향료㈜인천제2공장,무작위,원료실
MFS-0102,SP - 89242,서울향료㈜인천제2공장,서울향료㈜인천제2공장,무작위,원료실
MFS-0103,SP - 72880,서울향료㈜인천제2공장,서울향료㈜인천제2공장,무작위,원료실
MFS-0104,Sage Oil,Moellhausen SPA,(주)도터라인,무작위,원료실
MFS-0105,SP - 73406,서울향료㈜인천제2공장,서울향료㈜인천제2공장,무작위,원료실
MFS-0106,Skin Care F24307,고려에프앤에프,고려에프앤에프,무작위,원료실
MFS-0107,Skin Care F25567,고려에프앤에프,고려에프앤에프,무작위,원료실
MFS-0108,Skin Stan-24040901W,아로마뱅크,아로마뱅크,무작위,원료실
MFS-0109,SP-24-11644,서울향료 ,서울향료 ,무작위,원료실
MFS-0110,SP-24-11646,서울향료 ,서울향료 ,무작위,원료실
MFS-0111,SP-25-21529,서울향료 ,서울향료 ,무작위,원료실
MFS-0112,Skin Care G23403,고려에프앤에프,고려에프앤에프,무작위,원료실
MFT-0003,TEVH 4401 ,타임향료,타임향료,무작위,원료실
MFT-0004,TEVH 4403,타임향료,타임향료,무작위,원료실
MFT-0006,TEVW 50102,타임향료,타임향료,무작위,원료실
MFT-0007,TEVB 50271,타임향료,타임향료,무작위,원료실
MFT-0008,TEVB 50202,타임향료,타임향료,무작위,원료실
MFT-0009,TEVB 50312,타임향료,타임향료,무작위,원료실
MFT-0010,TEVB 50611,타임향료,타임향료,무작위,원료실
MFT-0011,TEVB 50613,타임향료,타임향료,무작위,원료실
MFT-0014,TEVH 50702,타임향료,타임향료,무작위,원료실
MFT-0015,TEVW 50801/01,타임향료,타임향료,무작위,원료실
MFT-0016,TEVH 51211,타임향료,타임향료,무작위,원료실
MFT-0018,TEVH 60110,타임향료,타임향료,무작위,원료실
MFT-0021,TEVB 60891,타임향료,타임향료,무작위,원료실
MFT-0022,Frag-58140 [= 구 (EVAS-60901)],쎈텍㈜,쎈텍㈜,무작위,원료실
MFT-0023,TEVW 50611/01,타임향료,타임향료,무작위,원료실
MFT-0024,TEVO 70125,타임향료,타임향료,무작위,원료실
MFT-0025,TEVO 70126,타임향료,타임향료,무작위,원료실
MFT-0026,TEVO 70128,타임향료,타임향료,무작위,원료실
MFT-0028,TEVW 50102/01,타임향료,타임향료,무작위,원료실
MFT-0029,TEVW 90901,타임향료,타임향료,무작위,원료실
MFT-0030,TEVH 111201,타임향료,타임향료,무작위,원료실
MFT-0031,Tulip-32083,,,무작위,원료실
MFW-0001,Wild Berry A121201,타임향료,타임향료,무작위,원료실
MK1-0001,"1,3-BG",Kh Neo Chem,삼광켐,무작위,원료실
MK1-0002,Zicos PR-HE Zero,(주)지코,(주)지코,무작위,원료실
MKA-0001,Purabeet [=Genencare OSMS BA],BETA PURA,인코스(주),무작위,원료실
MKC-0001,Cellplus,바이오랜드,바이오랜드,무작위,원료실
MKC-0003,CLEAR HA-100,Bloomage Freda Biopharm,타임향료,무작위,원료실
MKC-0004,CES-1104,NuSil,케이에스켐,무작위,원료실
MKD-0003,Dermosoft Octiol,Dr.Straetman,하나무역,무작위,원료실
MKD-0004,Dub Diol,Stearinerie Dubois Fils,제이피켐,무작위,원료실
MKD-0005,Diglycerin,SOCC,(주)케미랜드,무작위,원료실
MKD-0006,Dipropylene Glycol (DPG),SKC㈜,(주)블루켐,무작위,원료실
MKE-0001,Ethanol,Lactanol,신환상사,무작위,원료실
MKF-0001,Floraesters K-20W,Floratech,한주씨앤씨,무작위,원료실
MKG-0001,Glycerin,IOI OLEOCHEMICAL,주식회사가온케미칼,무작위,원료실
MKH-0003,HPDR (Powder),Javentech,에스앤디랩,무작위,원료실
MKH-0004,HA1-20,주식회사 에코텍아이앤씨,주식회사 에코텍아이앤씨,무작위,원료실
MKH-0005,Hydsol-6,G&BBIO,(주)블루켐,무작위,원료실
MKH-0006,히아루론산1%(HD),G&BBIO,(주)블루켐,무작위,원료실
MKI-0003,Isocell Life,Lucas Meyer, ,무작위,원료실
MKI-0004,MPO,Playground Corp,(주)블루켐,무작위,원료실
MKI-0005,IPG-S,"Kuraray Co., Ltd",(주)한스코리아,무작위,원료실
MKL-0001,Liponic EG-1,Vantage,(주)블루켐,무작위,원료실
MKM-0002,Manatol 7070,LG 생활건강,해피콜,무작위,원료실
MKM-0003,Moist 24,Sederma,다미화학,무작위,원료실
MKM-0004,Merquat 550 PR,,(주)삼정트레이딩,무작위,원료실
MKM-0005,Moisclean AP-2,NFC Corporation,(주)블루켐,무작위,원료실
MKO-0001,Osmocide-2,Sederma,케이에스켐,무작위,원료실
MKP-0001,PG,SKC,(주)삼광켐,무작위,원료실
MKP-0003,Amino 8 Complex,내추럴솔루션,내추럴솔루션,무작위,원료실
MKP-0004,PEG-16 Macadamia ,FLORATECH,한주씨앤씨,무작위,원료실
MKP-0005,"Bioran 1,2 PD (=Purolan PD)",Lamxess,인코스,무작위,원료실
MKP-0006,Polyglycerin-3,Huayi,㈜한주씨앤씨 ,무작위,원료실
MKS-0002,Sunquat L60,주식회사썬화인글로벌,주식회사썬화인글로벌,무작위,원료실
MKS-0003,SJ-UNIJEL MS (H),(주)삼정트레이딩,(주)삼정트레이딩,무작위,원료실
MKS-0004,D-Sorbitol,백광산업,(주)비즈켐,무작위,원료실
MKU-0001,"UREA, EP",삼전순약,티앤비상사,무작위,원료실
MKU-0002,Ucon 75H-450(M-hydro BG100),DOW CHEM,(주)블루켐,무작위,원료실
MLL-0001,Lexemul CUTINA EGMS,코그니스,코그니스,무작위,원료실
MLM-0003,Mipearl GS,미원상사,미원상사,무작위,원료실
MO2-0001,ES-108109,Kokyu,(주)케미랜드,무작위,원료실
MOA-0005,Akosun,AAK,다미화학,무작위,원료실
MOA-0007,Akorex L,AAK,다미화학,무작위,원료실
MOA-0008,Argan Oil CPD Organic,DSM,(주)코스빌,무작위,원료실
MOA-0009,Avocado Oil,KERFOOT,(주)블루켐,무작위,원료실
MOA-0010,Annatto Oil Cosmetic Grade,CKARIANT,인투바이오,무작위,원료실
MOA-0011,Apricot Kernel Oil,KERFOOT,㈜블루켐,무작위,원료실
MOB-0002,Borage oil,Biodroga,(주)블루켐,무작위,원료실
MOB-0004,"Buriti Oil(Refinde,RF3810)",Beraca,한주씨앤씨,무작위,원료실
MOB-0005,Blue DDC-50,(주)블루켐,(주)블루켐,무작위,원료실
MOC-0007,Cosmacol EMI,Enichem Augusta,동주화학,무작위,원료실
MOC-0008,ZICOS MO-DCC,코그니스,코그니스코리아,무작위,원료실
MOC-0009,Coconut Oil(야자유),삼양,케이에스켐,무작위,원료실
MOC-0010,Canola Oil,,㈜블루켐,무작위,원료실
MOC-0011,Campo Siddha Inddra Neelam Yenai_Ultra Sky Blue (OSL),campo cosmetics,신우아이시티,무작위,원료실
MOC-0012,Campo Siddha Vepuvillai Karushalai Yenai_Red (OSL),campo cosmetics,신우아이시티,무작위,원료실
MOC-0013,치자홍화추출물 BS-OL,정도화학,정도화학,무작위,원료실
MOD-0004,SF1000N／100cst (DC200-100CS),KCC,미산캠프,무작위,원료실
MOD-0006,SF0015Z (DC 345),KCC,미산캠프,무작위,원료실
MOD-0008,SF1000N／10CS,KCC,미산캠프,무작위,원료실
MOD-0009,Dub DNPG,Stearinerie Dubois Fils,세일 ,무작위,원료실
MOD-0010,Dermofeel BGC,Dr.Straetman,하나무역,무작위,원료실
MOD-0011,DC # 9852L,다우코닝,우진트레이딩,무작위,원료실
MOD-0012,SeraShine EM 125 (SI6065Z),KCC,미산캠프,무작위,원료실
MOD-0013,SM9140G,KCC,미산캠프,무작위,원료실
MOD-0014,DM-HPIB,다미화학,다미화학,무작위,원료실
MOD-0015,DPM,,코스파인,무작위,원료실
MOD-0016,발효동백오일,Biocean,주식회사 에코텍아이앤씨,무작위,원료실
MOD-0017,Haimalate DIS,HAI,주식회사 케이에스켐,무작위,원료실
MOE-0002,Emalex MTS-30L,Nihon Emul,세창상사,무작위,원료실
MOE-0003,Eutanol-G,Henkel,(주)한백씨앤에프,무작위,원료실
MOF-0002,Finsolv TN,Innospec,㈜케미랜드,무작위,원료실
MOF-0004,Flutec PC-6,"Creations 
Couleurs",세창상사,무작위,원료실
MOF-0005,Frescolat ML Cryst,Haarmann&Reimer,바이엘코리아,무작위,원료실
MOF-0006,Florasun-90,Floratech,한주씨앤씨,무작위,원료실
MOH-0001,Hemp Seed Oil,Kerfoot,블루켐,무작위,원료실
MOI-0001,ISODODECANE,INEOS,㈜미산캠프인터내셔널,무작위,원료실
MOJ-0001,Jojoba Golden Oil,Kerfoot,블루켐,무작위,원료실
MOK-0003,MS-Oil 6cst (SF1000N/6cs),미산캠프,미산캠프,무작위,원료실
MOL-0002,LILY 70(LP70),SEOJIN CHEMICAL,삼도케미칼,무작위,원료실
MOL-0003,IPM,IOI OLEOCHEMICAL,㈜블루켐,무작위,원료실
MOL-0005,Lavender Oil,Charabot,사향무역,무작위,원료실
MOL-0007,LP-350,극동유화,삼도케미칼,무작위,원료실
MOM-0004,Mipearl CO,미원상사,미원상사,무작위,원료실
MOM-0005,Macadamia Nut Oil,KERFOOT,㈜블루켐,무작위,원료실
MOM-0006,Myritol 880,코그니스,코그니스코리아,무작위,원료실
MOM-0007,발효마유,Biocean,아로마웰,무작위,원료실
MOM-0008,Moringa Oil Organic,GRENERA,(주)수이케이,무작위,원료실
MOM-0009,MS-Oil PT,(주)미산캠프인터내셔널,(주)미산캠프인터내셔널,무작위,원료실
MOM-0010,MS SIL 6700,DR. Costech,(주)미산캠프인터내셔널,무작위,원료실
MON-0001,MCT(Crodamol GTCC),Ecogreen,㈜블루켐,무작위,원료실
MON-0004,Silkflo 364 NF,INEOS OLIGOMERS,㈜블루켐,무작위,원료실
MOO-0001,Olive Oil (YOLA),KERFOOT,(주)이현에프앤씨,무작위,원료실
MOO-0002,Vergin Omega-3,HUILERIE EMILE NOEL,㈜노바켐,무작위,원료실
MOP-0002,Peanut Oil,Kerfoot,블루켐,무작위,원료실
MOP-0003,PB-1400F,DAELIM,블루켐,무작위,원료실
MOP-0004,Palmsurf 2EHP,IOI OLEOCHEMICAL,블루켐,무작위,원료실
MOR-0001,Rose Hip Oil,KERFOOT,블루켐,무작위,원료실
MOS-0011,Squalane,Kishimoto,(주)케미랜드,무작위,원료실
MOS-0021,Silkflo 364 NF,Ineos,욱성물산,무작위,원료실
MOS-0024,SF 9900N,KCC,미산캠프,무작위,원료실
MOS-0025,SI 6050ZR,KCC,이우바이오,무작위,원료실
MOS-0026,Sweet Almond Oil,Kerfoot,블루켐,무작위,원료실
MOS-0027,SeraSense SF 1K,KCC Silicone,(주)미산캠프인터내셔널,무작위,원료실
MOT-0001,TOG,Kokyu,케미랜드,무작위,원료실
MOT-0002,Tea Tree Oil,MOELLHAUSEN SPA,도터라인,무작위,원료실
MOT-0003,Triethyl Citrate (TEC),Mamta Polycoats,(주)케이원씨앤씨,무작위,원료실
MOH-0002,Hailucent ISDA/MB,KOKYU ALCOHOL KOGYO,케이에스켐,무작위,원료실
MOR-0002,Risorex PGIS23/MB,KOKYU ALCOHOL KOGYO,케이에스켐,무작위,원료실
MOU-0001,유자씨 오일,ULMAX,(주)블루켐,무작위,원료실
MOV-0001,Vitamin F-Glyceric Ester,Provital,신우케미칼,무작위,원료실
MPB-0001,BHT,Ueno Fine,남영상사,무작위,원료실
MPD-0001,Danisol-B,Danil Fine,동주화학,무작위,원료실
MPD-0002,Danisol-E,Danil Fine,정한약품,무작위,원료실
MPD-0003,Methyl Paraben(M.P) [UENO],Ueno,(주)블루켐,무작위,원료실
MPD-0004,Propyl Paraben(P.P) [UENO],Ueno,(주)블루켐,무작위,원료실
MPE-0001,Euxyl K-400,schulke ,솔브리지텍,무작위,원료실
MPE-0002,EZ-Naturocide(S),㈜이지코스,㈜이지코스,무작위,원료실
MPE-0003,EZ-Naturocide (M-3) ,㈜이지코스,㈜이지코스,무작위,원료실
MPG-0001,"Preservative A15
(Germall-115)",Sunpu Chem,（주）한주씨앤씨,무작위,원료실
MPG-0002,Glydant XL-1000,Lonza,서한코스켐,무작위,원료실
MPG-0005,Glydant 2000,,젠슨리무역,무작위,원료실
MPK-0001,Kathon CG,Dow,태창물산,무작위,원료실
MPL-0001,Zicos PR-ET (EHG),㈜지코,㈜지코,무작위,원료실
MPP-0001,PCMX,RICHEM,타임향료,무작위,원료실
MPP-0005,Saliethanol [Phenoxyethanol],Salicylates,㈜나노젠,무작위,원료실
MPP-0006,Phenonip,Clariant,욱성물산,무작위,원료실
MPS-0001,Spectrastat,INOLEX CHE,케이에스켐,무작위,원료실
MPS-0002,Ncare Triol,Salicylates Che,나노젠,무작위,원료실
MPS-0003,Sodium Benzoate,"BENXI BLACK HORSE CHEMICAL INDUSTRY&COMMERCE CO.,LTD",(주)블루켐,무작위,원료실
MPS-0004,Saliphenesin,Salicylates,(주)나노젠,무작위,원료실
MSA-0001,Ajidew N-50,Ajinomoto,이현화학,무작위,원료실
MSA-0002,Amisoft CT-12S,Ajinomoto,이현화학,무작위,원료실
MSA-0007,HB-165,SUNFOL,㈜한백씨앤에프,무작위,원료실
MSA-0008,Rheodol AO-15V,Croda,㈜블루켐,무작위,원료실
MSA-0014,Abil EM 90,Evonik,에스앤디랩,무작위,원료실
MSA-0017,Abil WE 09,Evonik,에스앤디랩,무작위,원료실
MSA-0018,AminoMix 210,LG H&H,(주)비즈켐,무작위,원료실
MSB-0003,Biophilic H,Lucas Meyer,주원상사,무작위,원료실
MSB-0004,BioCare-R,바이오엔텍,에스앤디랩,무작위,원료실
MSB-0005,Biothickener Type BP,RIKEVITA (M) SDN BHD,미성코스메틱㈜,무작위,원료실
MSC-0003,Cetiol - HE,BASF,(주)한백씨앤에프,무작위,원료실
MSC-0005,Corum 2680,Corum ,신아무역,무작위,원료실
MSC-0006,Eumulgin CO 40,BASF,케이원씨앤씨,무작위,원료실
MSC-0007,Tego Soft GMC 6,Evonik,㈜한백씨앤에프,무작위,원료실
MSE-0002,Emalex 218,Nihon Emulsion,이현화학,무작위,원료실
MSE-0006,Emalex 6300 DI-ST,Nihon Emulsion,해피콜,무작위,원료실
MSE-0008,Emalex GM-5,Nihon Emulsion,해피콜,무작위,원료실
MSE-0009,Emalex GWIS-115(M),Nihon Emulsion,정한약품,무작위,원료실
MSE-0013,Eumulgin RO-40,BASF,대봉엘에스㈜,무작위,원료실
MSE-0023,Emalex SS 5050K,Nihon Emulsion,서한코스켐,무작위,원료실
MSE-0024,Emalex DAPE-0212,Nihon Emulsion,신우무역,무작위,원료실
MSE-0025,Eumulgin HPS,BASF,(주)한백씨앤에프,무작위,원료실
MSE-0026,Zicos SU-20,(주)지코,(주)지코,무작위,원료실
MSE-0027,Elotant SCA,LG 생활건강,(주)비즈켐,무작위,원료실
MSE-0028,Etomix - HC25,TEMIX,(주)한백씨앤에프,무작위,원료실
MSE-0029,Enzyme Powder Wash 700-25,주식회사 에코텍아이앤씨,주식회사 에코텍아이앤씨,무작위,원료실
MSE-0030,Elotant Milcoside 304,(주) LG생활건강,비즈켐,무작위,원료실
MSF-0001,프레쥬 자연약쑥 클렌징 파우더,(주)케미랜드,(주)케미랜드,무작위,원료실
MCH-0001,HCY-OTS,(주)케미랜드,(주)케미랜드,무작위,원료실
MCH-0002,HCR-OTS,(주)케미랜드,(주)케미랜드,무작위,원료실
MCH-0003,HCB-OTS,(주)케미랜드,(주)케미랜드,무작위,원료실
MSG-0004,Glucamate DOE-120,NOveon,,무작위,원료실
MSG-0005,Glucate DO,Amerchol,이현화학,무작위,원료실
MSG-0006,Gransil WO,Grant Industries,,무작위,원료실
MSI-0001,ISELUX,Innospec,케미랜드,무작위,원료실
MSK-0001,KM-105C(GMS),광일,블루켐,무작위,원료실
MSK-0002,KC-SCI-80,Guangzhou Kexi Chemical,(주)아라현,무작위,원료실
MSL-0001,Lecinol S-10,Nikko Chem,케이에스켐,무작위,원료실
MSM-0003,Micolin ES-430,미원상사,미원상사,무작위,원료실
MSM-0004,Micolin S-430,미원상사,미원상사,무작위,원료실
MSM-0005,Micolin T-430,미원상사,미원상사,무작위,원료실
MSM-0011,Micopol LDE,미원상사,미원상사,무작위,원료실
MSM-0013,Mitain CA-GF,미원상사,미원상사,무작위,원료실
MSM-0023,Miconol C2M,미원상사,미원상사,무작위,원료실
MSM-0024,Miconium STAC-30,미원상사,미원상사,무작위,원료실
MSM-0025,Micolin A-526,미원화학주식회사,미원화학주식회사,무작위,원료실
MSM-0026,Micolin EA-525(S),미원화학주식회사,미원화학주식회사,무작위,원료실
MSM-0027,Micopol CME,미원상사,미원상사,무작위,원료실
MSM-0028,Micopol CIP,미원상사,미원상사,무작위,원료실
MSM-0029,Miconate LES(H),미원상사,미원상사,무작위,원료실
MOS-0028,Seabuckthorn Oil,Deyang Yiyang Biochem ,케미랜드,무작위,원료실
MOS-0029,SM Jacho Oil,(주)즐거운회사,(주)즐거운회사,무작위,원료실
MSM-0030,Miconium BTAC80,미원상사,미원상사,무작위,원료실
MSM-0031,Micomin SAPDA,미원상사,미원상사,무작위,원료실
MSM-0032,Miami SCG(P),미원상사,미원상사,무작위,원료실
MSM-0033,Miami LS190(F),미원상사,미원상사,무작위,원료실
MSM-0034,Micopol CMM,미원상사,미원상사,무작위,원료실
MSM-0035,Miconate SLSA,미원상사,미원상사,무작위,원료실
MSM-0036,Mirataine BB/FLA,솔베이,(주)비즈켐,무작위,원료실
MSM-0037,Micolin AOS 35,미원상사,미원상사,무작위,원료실
MSN-0001,Nikkol BB-10,Nikko Chem,풍림무약,무작위,원료실
MSN-0002,Nikkol CIO,Nikko Chem,이현에프앤씨,무작위,원료실
MSN-0003,Nikkol DHC-30,Nikko Chem,풍림무약,무작위,원료실
MSN-0011,Nikkol HCO-60(의약),Nikko Chem,㈜이현에프앤씨,무작위,원료실
MSO-0003,Olivem 300,B&T S.r.l,하나무역,무작위,원료실
MSO-0004,Olivem 900,B&T S.r.l,하나무역,무작위,원료실
MSO-0005,Olivem 700,B&T S.r.l,하나무역,무작위,원료실
MSO-0006,Olivem 1000,HALLSTAR,하나무역,무작위,원료실
MSP-0001,PEG-1500,Sanyo,해피콜,무작위,원료실
MSP-0002,PEG-400 ,Sanyo,해피콜,무작위,원료실
MSP-0003,PEG-4000,Sanyo,해피콜,무작위,원료실
MSP-0004,Plantacare 2000 UP,D-BASF,라비오,무작위,원료실
MSP-0005,LKPeptimo AGK,PEPTIMO,파인트리케미칼,무작위,원료실
MSP-0006,Pureact WS Conc,Innospec,(주)케미랜드,무작위,원료실
MSP-0007,Polyaquol-2W,innovacos,아라현,무작위,원료실
MSP-0008,Polyaquol-LW,innovacos,한주씨앤씨,무작위,원료실
MSP-0009,Plurol Isostearique,Gattefosse,다미화학,무작위,원료실
MSR-0002,Rheodol TW-L120,KAO,미성코스메틱㈜,무작위,원료실
MSR-0003,Rheodol 430V,KAO,(주)블루켐,무작위,원료실
MSS-0003,MEDLAN 75,Medolla,파인트리케미칼,무작위,원료실
MSS-0006,Soft & Creamy Cleansing Powder Wash 3:7,(주)케미랜드,(주)케미랜드,무작위,원료실
MSS-0007,SJC-ClearSol E,CJ chem,(주)블루켐,무작위,원료실
MSS-0008,Soft & Creamy Cleansing Powder Wash (without SP)(3:7)(녹차2%),(주)케미랜드,(주)케미랜드,무작위,원료실
MSS-0009,SeraSol SC 85 (SM3310P),(주)케이씨씨실리콘,(주)미산캠프인터내셔널,무작위,원료실
MSS-0010,SeraSol SC 83-A (SM3330P),(주)케이씨씨실리콘,(주)미산캠프인터내셔널,무작위,원료실
MST-0001,Rheodol TW-S120 (Tween 60),Kao Corporation,미성코스메틱(주),무작위,원료실
MST-0002,Rheodol TW-O120 (Tween 80),Kao Corporation,미성코스메틱(주),무작위,원료실
MST-0004,Tego care 450,Evonik,에스앤디랩,무작위,원료실
MSX-0001,Xalifin 15 NP,Vevy Europe S.p.A.,㈜지코,무작위,원료실
MUA-0001,Benzophenone-3,HANGZHOU LINGEBA,(주)케이원씨앤씨,무작위,원료실
MUC-0001,Choicetitan 45AZ,ICID,(주)초이스엔텍,무작위,원료실
MUC-0002,Choicezinc 65AS,ICID,(주)초이스엔텍,무작위,원료실
MUM-0001,Misorb BPS-9,미원상사,미원상사,무작위,원료실
MUN-0002,Neo Heliopan E 1000,Degussa,(주)노바켐,무작위,원료실
MUO-0001,Optisol AS,Oxonica,한주씨앤씨,무작위,원료실
MUP-0002,Parsol MCX,DSM,세로켐,무작위,원료실
MUP-0003,Parsol 5000,DSM,세로켐,무작위,원료실
MUP-0004,Hyshell EHS,Yidu Huayang Chemical,(주)초이스엔텍,무작위,원료실
MUP-0005,Galsorb Octocrylene,DSM,(주)나노젠,무작위,원료실
MUT-0001,BEMT-S [(=Tinosorb S)],Ciba,케이에스켐,무작위,원료실
MUT-0002,Tego Sun Tdec 45,Evonik,에스앤디랩,무작위,원료실
MUZ-0001,Zinclear_40AB,"Advanced 
Nano Tech ",제이피켐,무작위,원료실
MUZ-0002,Zano 10,Umicore,케미랜드,무작위,원료실
MV6-0001,Bentonite NF BC-670,BRENNTAG,㈜블루켐,무작위,원료실
MVA-0005,Aristoflex AVC,CLARIANT,인코스㈜,무작위,원료실
MVA-0006,Cabopol Aqua SF-1,Lubrizol,(주)블루켐,무작위,원료실
MVA-0007,Adekanol GT-730,hanskorea,㈜블루켐,무작위,원료실
MVA-0008,Aristoflex BLV,CLARIANT,인코스㈜,무작위,원료실
MVA-0009,Aronvis MX,TOAGOSEI,(주)미산캠프인터내셔널,무작위,원료실
MVB-0001,Bio Sodium Hyaluronate,Conntipro,하나무역,무작위,원료실
MVB-0003,Bentone gel VS-5PCV,Elementis,우진트레이딩,무작위,원료실
MVC-0001,CMC,㈜보락,(주)블루켐,무작위,원료실
MVC-0003,Carbopol-940,Lubrizol,㈜블루켐,무작위,원료실
MVC-0004,Carbopol-941,noveon,㈜블루켐,무작위,원료실
MVC-0009,Carbopol-ETD 2020,Lubrizol,㈜블루켐,무작위,원료실
MVC-0010,Esaflor EC3,lamberti,(주)코스파인,무작위,원료실
MVE-0001,EB-21,"AJINOMOTO CO.,INC.",인코스㈜,무작위,원료실
MVE-0002,EC-GEL-id,㈜에코텍아이앤씨,㈜에코텍아이앤씨,무작위,원료실
MVG-0003,GP-1,"AJINOMOTO CO.,INC.",인코스㈜,무작위,원료실
MVH-0002,한천,(주)한국카라겐순천공장,(주)한국카라겐순천공장,무작위,원료실
MVK-0001,Keltrol F,Kelco,이현화학,무작위,원료실
MVK-0002,Kraton G 1702,,,무작위,원료실
MVL-0001,Lubrajel DV,Guardian,다미화학,무작위,원료실
MVL-0002,Hydrojel MSKC,Guardian,이우화학,무작위,원료실
MVL-0003,Hydrojel OILKC,Guardian,이우화학,무작위,원료실
MVL-0004,Laponite XLG,BYK Additives Inc.,㈜블루켐,무작위,원료실
MVM-0002,Makimousse 25,DAITO KASEI,화코스텍인터내셔날,무작위,원료실
MVN-0001,Natrosol 250HR (NF) [Aqualon],Ash Land,케이에스켐,무작위,원료실
MVN-0002,Natural Cellulose Powder,Ennagram,디알케미칼,무작위,원료실
MVN-0003,Nomcort HK-P,Nisshin Oillio,다미화학,무작위,원료실
MVN-0004,Nomcort HK-G,Nisshin Oillio,다미화학,무작위,원료실
MVP-0003,Polyox (WS205),DOW CHEM,(주)이현에프앤씨,무작위,원료실
MVP-0005,PVP K-30,Yu King Industrial Ltd.,㈜블루켐,무작위,원료실
MVP-0006,Pemulen TR-1,Lubrizol,㈜블루켐,무작위,원료실
MVP-0009,Polyquta 400KC,KCI,㈜태창물산,무작위,원료실
MVS-0001,Sepigel 305,Seppic,지원씨앤에스,무작위,원료실
MVS-0004,Sumecton,kunimine,서한코스켐,무작위,원료실
MVS-0005,Sepinov EMT-10,SEPPIC,㈜블루켐,무작위,원료실
MVS-0006,Structure XL,Nouryon,주식회사 한송,무작위,원료실
MVS-0007,Supcare HSA,SHANGHAI HUANQIU INDUSTRIAL DEVELOPMENT ,(주)비즈켐,무작위,원료실
MVT-0001,Thixcin R,Elementis,㈜블루켐,무작위,원료실
MVV-0001,Veegum-HV,Vanderbilt                                                        ,(주)지코,무작위,원료실
MVV-0004,Viscolam AT 100／EF ,Lamberti,(주)코스파인,무작위,원료실
MVV-0005,Vivapharm CS152HV [JRS],j. rettenmaier & söhne,(주)디알 켐 무역,무작위,원료실
MVZ-0001,Zilgel Oil,Zile,금강트레이딩,무작위,원료실
MWA-0003,Abil Wax 9801,Evonik,에스앤디랩,무작위,원료실
MWC-0007,Cosmethicone SF-240-55, ,한주씨앤씨,무작위,원료실
MWC-0008,CBL NC-11,CJ,노바켐,무작위,원료실
MWC-0009,Premium Vagetable Candle Wax,Elevance,미시우먼,무작위,원료실
MWD-0001,DC 2501 Cosmetic Wax,한국다우코닝,상진씨앤티,무작위,원료실
MWE-0001,Edenor 7036V 50NF (Emersol),Emery,(주)한백씨앤에프,무작위,원료실
MWE-0002,Stearyl Alcohol C18/98,MUSIM MAS,(주)한백씨앤에프,무작위,원료실
MWE-0004,Cetyl Alcohol C16/98 (Mascol),MUSIM MAS,(주)한백씨앤에프,무작위,원료실
MWI-0001,IGI Accumelt Waxes 72,The International,케미랜드,무작위,원료실
MWK-0001,Kalchol-6870[Kao],KAO,해피콜,무작위,원료실
MWK-0002,Kalchol 8688 [Kao],KAO,해피콜,무작위,원료실
MWK-0003,Kahlwax 7636,KahlWax,케이에스켐,무작위,원료실
MWL-0001,Kalcohol 6850 PI,Pilipinas Kao,대봉엘에스㈜,무작위,원료실
MWL-0003,Lauric Acid (Edenor C12-99 MY),Emery,서현테크켐,무작위,원료실
MWL-0004,Kalcol 4098,KAO,㈜한백씨앤에프,무작위,원료실
MWM-0001,Microcrystalline Wax SP-19,Strahl&Pitsch,세일 ,무작위,원료실
MWM-0002,Multi Wax,Sonnoborn,(주)원풍약품상사,무작위,원료실
MWM-0005,Mango Butter,O&3 THE OIL FAMILY,(주)코스빌,무작위,원료실
MWM-0006,Myristic Acid (Edenor C14-99 MY),Emery,서현테크켐,무작위,원료실
MWO-0002,Oliwax LC,B&T S.r.l,하나무역,무작위,원료실
MWP-0004,Pola Wax GP-200,CRODA,세창상사,무작위,원료실
MWP-0006,Palmac 98-12,Acidchem,이현화학,무작위,원료실
MWP-0007,Palmac 98-14,Acidchem,이현화학,무작위,원료실
MWP-0008,Palmac 98-16,Acidchem,이현화학,무작위,원료실
MWP-0009,Stearic Acid (Edenor ST 05M MY),Emery,서현테크켐,무작위,원료실
MWP-0011,Performa SW 84 synthetic wax (Performalene 400),Nucera solutions,㈜블루켐,무작위,원료실
MWS-0001,Lipex Shea(Shea Butter) [AAK],ASK(AAK),케이에스켐,무작위,원료실
MWV-0001,Vaseline (super white),Sonnoborn,원풍,무작위,원료실
MWW-0001,Ceratrom B-Wax ,TH.C.TROMM,한주씨앤씨,무작위,원료실
MXA-0003,Apnc 20,애경소재,애경소재,무작위,원료실
MXA-0004,Antara 430,Ash Land,㈜블루켐,무작위,원료실
MXA-0005,Altevo Deep Blue,알터네이처,에이엘티엔 주식회사,무작위,원료실
MXB-0001,"Black Brown Sugar
(유기농　흑설탕）",,아마조나스,무작위,원료실
MXB-0002,Black Sugar,,씨제이제일제당,무작위,원료실
MXB-0004,Brillian-CSA,Brillian,㈜블루켐,무작위,원료실
MXB-0005,BioGenic MagicSpear-100AB,(주)바이오제닉스,(주)바이오제닉스,무작위,원료실
MXB-0006,BioGenic PCM CSS(28) 50T-XHO,(주)바이오제닉스,(주)바이오제닉스,무작위,원료실
MXC-0001,Citric Acid,Jungbunzlauer,(주)이현에프앤씨,무작위,원료실
MXC-0002,Climbazole,Yancheng Luye Chemical,미산캠프,무작위,원료실
MXC-0004,Chlorhexidine Gluconate 20%,SALICYLATES AND CHEMICALS,(주)나노젠,무작위,원료실
MXC-0005,Coffee Exfoliator 1000,,㈜지코,무작위,원료실
MXC-0006,DL-Camphor,Tien Yuan,㈜블루켐,무작위,원료실
MXC-0007,Cydex-S,(주)대상,㈜한백씨앤에프,무작위,원료실
MXC-0008,CaCl2 (anhydrous 96%) ,삼전순약공업㈜,랩사이언스,무작위,원료실
MXC-0009,Cooling Agent WS-23,Anhui Fengle Perfume,인코스(주),무작위,원료실
MXC-0010,Cerax LC-10,Chongqing Zhihe Bio-Pharmaceutical Co. Ltd.,㈜이우바이오,무작위,원료실
MXD-0001,D-Panthenol,DSM,세로켐,무작위,원료실
MXD-0002,정제수,에바스코스메틱,에바스코스메틱,무작위,원료실
MXD-0004,Emalex TA-100(Varisoft TA 100),Evonik,,무작위,원료실
MXD-0005,D.H.A,MERCK,㈜블루켐,무작위,원료실
MXE-0001,Dissolvine NA2 (EDTA-2Na),Nagase Chem,주식회사 한송,무작위,원료실
MXE-0002,Emulgade-CM,BASF,(주)한백씨앤에프,무작위,원료실
MXG-0002,Gold Powder(금설),한일금박,한일금박,무작위,원료실
MXG-0003,Glycolic Acid (70%/시약),삼전순약,랩사이언스,무작위,원료실
MXG-0004,Gluconic Acid (50%/시약),삼전순약,랩사이언스,무작위,원료실
MXH-0002,한주소금,,(주)블루켐,무작위,원료실
MXH-0003,호주산천일염,,이노맥스,무작위,원료실
MXI-0001,Triclosan,,(주)나노젠,무작위,원료실
MXK-0002,KOH (시약),덕산화학,덕산약품공업（주）,무작위,원료실
MXL-0001,Lactic Acid(90%),삼전순약,랩싸이언스,무작위,원료실
MXL-0002,Aluminum Chlorohydrate (Micro-Dry 3115 / =Locron P),ELEMENTIS,（주）해피콜,무작위,원료실
MXL-0003,Luviset Clear AT3,BASF SE,(주)한백씨앤에프,무작위,원료실
MXM-0001,L-Menthol,Anhui Fengle Perfume,(주)블루켐,무작위,원료실
MXM-0002,미용소금,,(주)태평소금,무작위,원료실
MXM-0003,Mihapol PQ11-20,미원상사,미원상사,무작위,원료실
MXM-0004,Plascize L-8066U,GOO Chemical,블루켐,무작위,원료실
MXM-0005,"Magnesium sulfate, anhydrous 98% (MgSO4)",삼전순약,랩싸이언스,무작위,원료실
MXM-0006,MPE-010 [휘발성/밀봉주의],RICH UP,(주)이현에프앤씨,무작위,원료실
MXN-0003,Nacl(시약급),삼전순약,랩사이언스,무작위,원료실
MXN-0004,NaOH(시약급),덕산약품,비엠하이테크,무작위,원료실
MXO-0001,옥수수 전분,DAESANG,(주)블루켐,무작위,원료실
MXP-0001,PVA-1788,"JAPAN VAM & POVAL CO., LTD.",㈜블루켐,무작위,원료실
MXP-0002,Phytic Acid (50%),"TOKYO CHEMICAL INDUSTRY CO., LTD. ",랩싸이언스,무작위,원료실
MXP-0003,Papain Powder,씨앤비바이오,씨앤비바이오,무작위,원료실
MXS-0001,Salicylic Acid,NOVACYL,미성코스메틱(주),무작위,원료실
MXS-0008,Sodium Citrate,Jungbunzlauer,㈜이현에프앤씨,무작위,원료실
MXS-0009,Sodium Disulfite(SMBS),Junsei(일),삼전순약,무작위,원료실
MXS-0010,SH-고추틴크(HC),,,무작위,원료실
MXS-0011,소듐바이카보네이트 (99%/ NaHCO3),삼전순약,(주)블루켐,무작위,원료실
MXS-0012,소듐설파이트 (95%/ 아황산나트륨/ Na2SO3),삼전순약,랩싸이언스,무작위,원료실
MXS-0013,백설 하얀설탕,씨제이제일제당,,무작위,원료실
MXS-0014,Sodium Guaiazulene Sulfonate,SINOWAY, ㈜ 에코텍아이앤씨,무작위,원료실
MXS-0015,Sodium DNA (C)(P),유엔케이코리아,블루켐,무작위,원료실
MXT-0001,TEA,미원상사,탑케미칼,무작위,원료실
MXT-0005,Tromethamine,Longlife,(주)한주씨앤씨,무작위,원료실
MXV-0001,VBE,,,무작위,원료실
MXV-0002,Vermiculite(질석),(주)유화엠에스,(주)유화엠에스,무작위,원료실
MXV-0003,Vivapur CS 300 R5,JRS,(주)디알 캠 무역,무작위,원료실
MXW-0001,40/100 Walnut Shell Power,,썬화인글로벌,무작위,원료실
ZMM-0042,상황버섯균사체발효알로에추출물,,,무작위,원료실
