ingredient_code,file_type,original_filename,file_path,file_size
MAA-0001,COA,MAA-0001_ALLANTOIN(CLARIANT)-COA.pdf,d:\(주)에바스코스메틱 Dropbox\JI SEULKI\claude\@ongoing_LAB doc\200_연구실 문서 샘플\250930_COA (원료업체)\MAA-0001_ALLANTOIN(CLARIANT)-COA.pdf,536923
MAA-0001,COA,MAA-0001_ALLANTOIN(CLARIANT)영문_COA.pdf,d:\(주)에바스코스메틱 Dropbox\JI SEULKI\claude\@ongoing_LAB doc\200_연구실 문서 샘플\250930_COA (원료업체)\MAA-0001_ALLANTOIN(CLARIANT)영문_COA.pdf,536923
MAA-0001,COA,MAA-0001_Allantoin.pdf,d:\(주)에바스코스메틱 Dropbox\JI SEULKI\claude\@ongoing_LAB doc\200_연구실 문서 샘플\250930_COA (원료업체)\MAA-0001_Allantoin.pdf,478882
MAA-0001,COA,MAA-0001_ALLANTOIN_COA.pdf,d:\(주)에바스코스메틱 Dropbox\JI SEULKI\claude\@ongoing_LAB doc\200_연구실 문서 샘플\250930_COA (원료업체)\MAA-0001_ALLANTOIN_COA.pdf,247148
MAA-0001,COA,MAA-0001_Allantoin_Wuhu_COA.pdf,d:\(주)에바스코스메틱 Dropbox\JI SEULKI\claude\@ongoing_LAB doc\200_연구실 문서 샘플\250930_COA (원료업체)\MAA-0001_Allantoin_Wuhu_COA.pdf,55191
MAA-0002,COA,MAA-0002_알로에베라 추출물.pdf,d:\(주)에바스코스메틱 Dropbox\JI SEULKI\claude\@ongoing_LAB doc\200_연구실 문서 샘플\250930_COA (원료업체)\MAA-0002_알로에베라 추출물.pdf,659502
MAA-0002,COA,MAA-0002_알로에베라추출물 (BG)_ COA.pdf,d:\(주)에바스코스메틱 Dropbox\JI SEULKI\claude\@ongoing_LAB doc\200_연구실 문서 샘플\250930_COA (원료업체)\MAA-0002_알로에베라추출물 (BG)_ COA.pdf,143445
MAA-0017,COA,MAA-0017_알부틴 (Albutin)0001.pdf,d:\(주)에바스코스메틱 Dropbox\JI SEULKI\claude\@ongoing_LAB doc\200_연구실 문서 샘플\250930_COA (원료업체)\MAA-0017_알부틴 (Albutin)0001.pdf,445438
MAA-0021,COA,MAA-0021_adenosine COA.pdf,d:\(주)에바스코스메틱 Dropbox\JI SEULKI\claude\@ongoing_LAB doc\200_연구실 문서 샘플\250930_COA (원료업체)\MAA-0021_adenosine COA.pdf,121143
MAA-0021,COA,MAA-0021_Adenosine_COA.pdf,d:\(주)에바스코스메틱 Dropbox\JI SEULKI\claude\@ongoing_LAB doc\200_연구실 문서 샘플\250930_COA (원료업체)\MAA-0021_Adenosine_COA.pdf,296719
MAA-0021,COA,MAA-0021_COA(Adenosine)_20211216.pdf,d:\(주)에바스코스메틱 Dropbox\JI SEULKI\claude\@ongoing_LAB doc\200_연구실 문서 샘플\250930_COA (원료업체)\MAA-0021_COA(Adenosine)_20211216.pdf,136328
MAA-0024,COA,MAA-0024_아카시아추출물-NP_COA.pdf,d:\(주)에바스코스메틱 Dropbox\JI SEULKI\claude\@ongoing_LAB doc\200_연구실 문서 샘플\250930_COA (원료업체)\MAA-0024_아카시아추출물-NP_COA.pdf,284949
MAA-0026,COA,MAA-0026_레몬밤추출물(C0AA0B-000A)COA_T0R0.pdf,d:\(주)에바스코스메틱 Dropbox\JI SEULKI\claude\@ongoing_LAB doc\200_연구실 문서 샘플\250930_COA (원료업체)\MAA-0026_레몬밤추출물(C0AA0B-000A)COA_T0R0.pdf,273571
MAA-0026,COA,MAA-0026_레몬밤추출물(C0AA0B-000A)영문 COA_T1R0.pdf,d:\(주)에바스코스메틱 Dropbox\JI SEULKI\claude\@ongoing_LAB doc\200_연구실 문서 샘플\250930_COA (원료업체)\MAA-0026_레몬밤추출물(C0AA0B-000A)영문 COA_T1R0.pdf,616934
MAA-0028,COA,MAA-0028_Azura 3 Complex0001.pdf,d:\(주)에바스코스메틱 Dropbox\JI SEULKI\claude\@ongoing_LAB doc\200_연구실 문서 샘플\250930_COA (원료업체)\MAA-0028_Azura 3 Complex0001.pdf,684063
MAA-0028,COA,MAA-0028_Azura 3 Complex0001_coa.pdf,d:\(주)에바스코스메틱 Dropbox\JI SEULKI\claude\@ongoing_LAB doc\200_연구실 문서 샘플\250930_COA (원료업체)\MAA-0028_Azura 3 Complex0001_coa.pdf,279799
MAA-0028,COA,MAA-0028_Azure 3 Complex_영문 COA.pdf,d:\(주)에바스코스메틱 Dropbox\JI SEULKI\claude\@ongoing_LAB doc\200_연구실 문서 샘플\250930_COA (원료업체)\MAA-0028_Azure 3 Complex_영문 COA.pdf,415372
MAA-0030,COA,MAA-0030_안젤리카추출물(CA0B0D-000C)COA_T1R0.pdf,d:\(주)에바스코스메틱 Dropbox\JI SEULKI\claude\@ongoing_LAB doc\200_연구실 문서 샘플\250930_COA (원료업체)\MAA-0030_안젤리카추출물(CA0B0D-000C)COA_T1R0.pdf,368490
MAA-0032,COA,MAA-0032_아로니아열매 추출물 H.pdf,d:\(주)에바스코스메틱 Dropbox\JI SEULKI\claude\@ongoing_LAB doc\200_연구실 문서 샘플\250930_COA (원료업체)\MAA-0032_아로니아열매 추출물 H.pdf,635293
MAA-0032,COA,MAA-0032_아로니아열매추출물 H_영문COA.pdf,d:\(주)에바스코스메틱 Dropbox\JI SEULKI\claude\@ongoing_LAB doc\200_연구실 문서 샘플\250930_COA (원료업체)\MAA-0032_아로니아열매추출물 H_영문COA.pdf,224840
MAA-0033,COA,MAA-0033_악마의발톱뿌리추출물-PF.pdf,d:\(주)에바스코스메틱 Dropbox\JI SEULKI\claude\@ongoing_LAB doc\200_연구실 문서 샘플\250930_COA (원료업체)\MAA-0033_악마의발톱뿌리추출물-PF.pdf,612338
MAA-0034,COA,MAA-0034_은행나무잎추출물.pdf,d:\(주)에바스코스메틱 Dropbox\JI SEULKI\claude\@ongoing_LAB doc\200_연구실 문서 샘플\250930_COA (원료업체)\MAA-0034_은행나무잎추출물.pdf,610889
MAA-0034,COA,MAA-0034_은행나무잎추출물_COA.pdf,d:\(주)에바스코스메틱 Dropbox\JI SEULKI\claude\@ongoing_LAB doc\200_연구실 문서 샘플\250930_COA (원료업체)\MAA-0034_은행나무잎추출물_COA.pdf,129644
MAA-0035,COA,MAA-0035_Amino Acid Solution_COA.pdf,d:\(주)에바스코스메틱 Dropbox\JI SEULKI\claude\@ongoing_LAB doc\200_연구실 문서 샘플\250930_COA (원료업체)\MAA-0035_Amino Acid Solution_COA.pdf,395456
MAA-0035,COA,MAA-0035_Amino Acid Solution_영문 COA.pdf,d:\(주)에바스코스메틱 Dropbox\JI SEULKI\claude\@ongoing_LAB doc\200_연구실 문서 샘플\250930_COA (원료업체)\MAA-0035_Amino Acid Solution_영문 COA.pdf,414766
MAA-0036,COA,MAA-0036_Ascorbic Acid Fine Powder.pdf,d:\(주)에바스코스메틱 Dropbox\JI SEULKI\claude\@ongoing_LAB doc\200_연구실 문서 샘플\250930_COA (원료업체)\MAA-0036_Ascorbic Acid Fine Powder.pdf,1202603
MAA-0037,COA,MAA-0037_아티초크잎추출물-PF.pdf,d:\(주)에바스코스메틱 Dropbox\JI SEULKI\claude\@ongoing_LAB doc\200_연구실 문서 샘플\250930_COA (원료업체)\MAA-0037_아티초크잎추출물-PF.pdf,565462
MAA-0038,COA,MAA-0038_Houttuynia Cordata Extract-HD_COA(ENG).pdf,d:\(주)에바스코스메틱 Dropbox\JI SEULKI\claude\@ongoing_LAB doc\200_연구실 문서 샘플\250930_COA (원료업체)\MAA-0038_Houttuynia Cordata Extract-HD_COA(ENG).pdf,63104
MAA-0038,COA,MAA-0038_어성초 추출수_COA.pdf,d:\(주)에바스코스메틱 Dropbox\JI SEULKI\claude\@ongoing_LAB doc\200_연구실 문서 샘플\250930_COA (원료업체)\MAA-0038_어성초 추출수_COA.pdf,307874
MAA-0039,COA,MAA-0039_아텔로콜라겐솔루션(0.1%)(CC0ICE-000C)COA_T2R0.pdf,d:\(주)에바스코스메틱 Dropbox\JI SEULKI\claude\@ongoing_LAB doc\200_연구실 문서 샘플\250930_COA (원료업체)\MAA-0039_아텔로콜라겐솔루션(0.1%)(CC0ICE-000C)COA_T2R0.pdf,300984
MAA-0039,COA,MAA-0039_아텔로콜라겐솔루션(0.1%)_영문coa.pdf,d:\(주)에바스코스메틱 Dropbox\JI SEULKI\claude\@ongoing_LAB doc\200_연구실 문서 샘플\250930_COA (원료업체)\MAA-0039_아텔로콜라겐솔루션(0.1%)_영문coa.pdf,416741
MAB-0012,COA,MAB-0012_Byungpul Extract_COA(ENG).pdf,d:\(주)에바스코스메틱 Dropbox\JI SEULKI\claude\@ongoing_LAB doc\200_연구실 문서 샘플\250930_COA (원료업체)\MAB-0012_Byungpul Extract_COA(ENG).pdf,113289
MAB-0012,COA,MAB-0012_병풀추출물.pdf,d:\(주)에바스코스메틱 Dropbox\JI SEULKI\claude\@ongoing_LAB doc\200_연구실 문서 샘플\250930_COA (원료업체)\MAB-0012_병풀추출물.pdf,587813
MAB-0012,COA,MAB-0012_병풀추출물_COA.pdf,d:\(주)에바스코스메틱 Dropbox\JI SEULKI\claude\@ongoing_LAB doc\200_연구실 문서 샘플\250930_COA (원료업체)\MAB-0012_병풀추출물_COA.pdf,403223
MAB-0014,COA,MAB-0014_Blue Complex H_COA.pdf,d:\(주)에바스코스메틱 Dropbox\JI SEULKI\claude\@ongoing_LAB doc\200_연구실 문서 샘플\250930_COA (원료업체)\MAB-0014_Blue Complex H_COA.pdf,166879
MAB-0014,COA,MAB-0014_Blue Complex H_영문COA.pdf,d:\(주)에바스코스메틱 Dropbox\JI SEULKI\claude\@ongoing_LAB doc\200_연구실 문서 샘플\250930_COA (원료업체)\MAB-0014_Blue Complex H_영문COA.pdf,141479
MAB-0015,COA,MAB-0015_Nymphaea Caerulea Flower Extract-PF_영문MSDS.pdf,d:\(주)에바스코스메틱 Dropbox\JI SEULKI\claude\@ongoing_LAB doc\200_연구실 문서 샘플\250930_COA (원료업체)\MAB-0015_Nymphaea Caerulea Flower Extract-PF_영문MSDS.pdf,196905
MAB-0015,COA,MAB-0015_푸른연꽃추출물_COA.pdf,d:\(주)에바스코스메틱 Dropbox\JI SEULKI\claude\@ongoing_LAB doc\200_연구실 문서 샘플\250930_COA (원료업체)\MAB-0015_푸른연꽃추출물_COA.pdf,317213
MAB-0016,COA,MAB-0016_Bifida Ferment Extract-HD_COA(ENG).pdf,d:\(주)에바스코스메틱 Dropbox\JI SEULKI\claude\@ongoing_LAB doc\200_연구실 문서 샘플\250930_COA (원료업체)\MAB-0016_Bifida Ferment Extract-HD_COA(ENG).pdf,63420
MAB-0016,COA,MAB-0016_비피다발효추출물-HD.pdf,d:\(주)에바스코스메틱 Dropbox\JI SEULKI\claude\@ongoing_LAB doc\200_연구실 문서 샘플\250930_COA (원료업체)\MAB-0016_비피다발효추출물-HD.pdf,690178
MAB-0018,COA,MAB-0018_BioDTox.pdf,d:\(주)에바스코스메틱 Dropbox\JI SEULKI\claude\@ongoing_LAB doc\200_연구실 문서 샘플\250930_COA (원료업체)\MAB-0018_BioDTox.pdf,182411
MAB-0018,COA,MAB-0018_BioDTox®_영문COA.pdf,d:\(주)에바스코스메틱 Dropbox\JI SEULKI\claude\@ongoing_LAB doc\200_연구실 문서 샘플\250930_COA (원료업체)\MAB-0018_BioDTox®_영문COA.pdf,144000
MAB-0019,COA,MAB-0019_BRILLAIN MB218_Brilliance_COA.pdf,d:\(주)에바스코스메틱 Dropbox\JI SEULKI\claude\@ongoing_LAB doc\200_연구실 문서 샘플\250930_COA (원료업체)\MAB-0019_BRILLAIN MB218_Brilliance_COA.pdf,47014
MAC-0001,COA,MAC-0001_Chamomile Ext..pdf,d:\(주)에바스코스메틱 Dropbox\JI SEULKI\claude\@ongoing_LAB doc\200_연구실 문서 샘플\250930_COA (원료업체)\MAC-0001_Chamomile Ext..pdf,145056
MAC-0001,COA,MAC-0001_Chamomile Flower Extract_COA(ENG).pdf,d:\(주)에바스코스메틱 Dropbox\JI SEULKI\claude\@ongoing_LAB doc\200_연구실 문서 샘플\250930_COA (원료업체)\MAC-0001_Chamomile Flower Extract_COA(ENG).pdf,63703
MAC-0001,COA,MAC-0001_캐모마일꽃추출물_COA(ENG).pdf,d:\(주)에바스코스메틱 Dropbox\JI SEULKI\claude\@ongoing_LAB doc\200_연구실 문서 샘플\250930_COA (원료업체)\MAC-0001_캐모마일꽃추출물_COA(ENG).pdf,87761
MAC-0001,COA,MAC-0001_캐모마일꽃추출물_COA.pdf,d:\(주)에바스코스메틱 Dropbox\JI SEULKI\claude\@ongoing_LAB doc\200_연구실 문서 샘플\250930_COA (원료업체)\MAC-0001_캐모마일꽃추출물_COA.pdf,84242
MAC-0018,COA,MAC-0018_Ceramide 3B.pdf,d:\(주)에바스코스메틱 Dropbox\JI SEULKI\claude\@ongoing_LAB doc\200_연구실 문서 샘플\250930_COA (원료업체)\MAC-0018_Ceramide 3B.pdf,511505
MAC-0018,COA,MAC-0018_DS-CERAMIDE Y30_CRODA_COA.pdf,d:\(주)에바스코스메틱 Dropbox\JI SEULKI\claude\@ongoing_LAB doc\200_연구실 문서 샘플\250930_COA (원료업체)\MAC-0018_DS-CERAMIDE Y30_CRODA_COA.pdf,22217
MAC-0021,COA,MAC-0021_Caffein anhydrous 98.5%_COA.pdf,d:\(주)에바스코스메틱 Dropbox\JI SEULKI\claude\@ongoing_LAB doc\200_연구실 문서 샘플\250930_COA (원료업체)\MAC-0021_Caffein anhydrous 98.5%_COA.pdf,59387
MAC-0038,COA,MAC-0038_크랜베리추출물_영문 COA.pdf,d:\(주)에바스코스메틱 Dropbox\JI SEULKI\claude\@ongoing_LAB doc\200_연구실 문서 샘플\250930_COA (원료업체)\MAC-0038_크랜베리추출물_영문 COA.pdf,419435
MAC-0040,COA,MAC-0040_Centella Asiatica Extract(Madecassoside)_Composition.pdf,d:\(주)에바스코스메틱 Dropbox\JI SEULKI\claude\@ongoing_LAB doc\200_연구실 문서 샘플\250930_COA (원료업체)\MAC-0040_Centella Asiatica Extract(Madecassoside)_Composition.pdf,320819
MAC-0040,COA,MAC-0040_Centella Asiatica.pdf,d:\(주)에바스코스메틱 Dropbox\JI SEULKI\claude\@ongoing_LAB doc\200_연구실 문서 샘플\250930_COA (원료업체)\MAC-0040_Centella Asiatica.pdf,883126
MAC-0041,COA,MAC-0041_WSS_COA.pdf,d:\(주)에바스코스메틱 Dropbox\JI SEULKI\claude\@ongoing_LAB doc\200_연구실 문서 샘플\250930_COA (원료업체)\MAC-0041_WSS_COA.pdf,31258
MAC-0043,COA,MAC-0043_7K Collagen Complex_CoA.pdf,d:\(주)에바스코스메틱 Dropbox\JI SEULKI\claude\@ongoing_LAB doc\200_연구실 문서 샘플\250930_COA (원료업체)\MAC-0043_7K Collagen Complex_CoA.pdf,73036
MAC-0044,COA,MAC-0044_Calamine powder_COA.pdf,d:\(주)에바스코스메틱 Dropbox\JI SEULKI\claude\@ongoing_LAB doc\200_연구실 문서 샘플\250930_COA (원료업체)\MAC-0044_Calamine powder_COA.pdf,54466
MAC-0045,COA,MAC-0045_CHOLESTEROL JP_COA.pdf,d:\(주)에바스코스메틱 Dropbox\JI SEULKI\claude\@ongoing_LAB doc\200_연구실 문서 샘플\250930_COA (원료업체)\MAC-0045_CHOLESTEROL JP_COA.pdf,223601
MAD-0002,COA,MAD-0002_DPG_COA.pdf,d:\(주)에바스코스메틱 Dropbox\JI SEULKI\claude\@ongoing_LAB doc\200_연구실 문서 샘플\250930_COA (원료업체)\MAD-0002_DPG_COA.pdf,201410
MAD-0002,COA,MAD-0002_STEVITEN LICO DPG_COA.pdf,d:\(주)에바스코스메틱 Dropbox\JI SEULKI\claude\@ongoing_LAB doc\200_연구실 문서 샘플\250930_COA (원료업체)\MAD-0002_STEVITEN LICO DPG_COA.pdf,270610
MAD-0012,COA,MAD-0012_당호박추출물.pdf,d:\(주)에바스코스메틱 Dropbox\JI SEULKI\claude\@ongoing_LAB doc\200_연구실 문서 샘플\250930_COA (원료업체)\MAD-0012_당호박추출물.pdf,601573
MAD-0015,COA,MAD-0015_Dextrose anhydrous 98__DUKSAN_COA.pdf,d:\(주)에바스코스메틱 Dropbox\JI SEULKI\claude\@ongoing_LAB doc\200_연구실 문서 샘플\250930_COA (원료업체)\MAD-0015_Dextrose anhydrous 98__DUKSAN_COA.pdf,97993
MAE-0013,COA,MAE-0013_Evas Herb Complex(HD)_SPEC_국문.pdf,d:\(주)에바스코스메틱 Dropbox\JI SEULKI\claude\@ongoing_LAB doc\200_연구실 문서 샘플\250930_COA (원료업체)\MAE-0013_Evas Herb Complex(HD)_SPEC_국문.pdf,77649
MAE-0013,COA,MAE-0013_Evas Herb Complex(HD)_SPEC_영문.pdf,d:\(주)에바스코스메틱 Dropbox\JI SEULKI\claude\@ongoing_LAB doc\200_연구실 문서 샘플\250930_COA (원료업체)\MAE-0013_Evas Herb Complex(HD)_SPEC_영문.pdf,229218
MAE-0013,COA,MAE-0013_EVAS Herb Complex.pdf,d:\(주)에바스코스메틱 Dropbox\JI SEULKI\claude\@ongoing_LAB doc\200_연구실 문서 샘플\250930_COA (원료업체)\MAE-0013_EVAS Herb Complex.pdf,658296
MAE-0013,COA,MAE-0013_EVAS Herb Complex_COA_영문.pdf,d:\(주)에바스코스메틱 Dropbox\JI SEULKI\claude\@ongoing_LAB doc\200_연구실 문서 샘플\250930_COA (원료업체)\MAE-0013_EVAS Herb Complex_COA_영문.pdf,308216
MAE-0014,COA,MAE-0014_EGF-L10.pdf,d:\(주)에바스코스메틱 Dropbox\JI SEULKI\claude\@ongoing_LAB doc\200_연구실 문서 샘플\250930_COA (원료업체)\MAE-0014_EGF-L10.pdf,239325
MAE-0015,COA,MAE-0015_에바스-Pro Complex.pdf,d:\(주)에바스코스메틱 Dropbox\JI SEULKI\claude\@ongoing_LAB doc\200_연구실 문서 샘플\250930_COA (원료업체)\MAE-0015_에바스-Pro Complex.pdf,596953
MAE-0015,COA,MAE-0015_에바스-Pro Complex_영문 COA.pdf,d:\(주)에바스코스메틱 Dropbox\JI SEULKI\claude\@ongoing_LAB doc\200_연구실 문서 샘플\250930_COA (원료업체)\MAE-0015_에바스-Pro Complex_영문 COA.pdf,415405
MAE-0016,COA,MAE-0016_유칼립투스추출물_COA.pdf,d:\(주)에바스코스메틱 Dropbox\JI SEULKI\claude\@ongoing_LAB doc\200_연구실 문서 샘플\250930_COA (원료업체)\MAE-0016_유칼립투스추출물_COA.pdf,327300
MAE-0016,COA,MAE-0016_유칼립투스추출물_영문COA.pdf,d:\(주)에바스코스메틱 Dropbox\JI SEULKI\claude\@ongoing_LAB doc\200_연구실 문서 샘플\250930_COA (원료업체)\MAE-0016_유칼립투스추출물_영문COA.pdf,419210
MAE-0018,COA,MAE-0018_Elastin H-HD.pdf,d:\(주)에바스코스메틱 Dropbox\JI SEULKI\claude\@ongoing_LAB doc\200_연구실 문서 샘플\250930_COA (원료업체)\MAE-0018_Elastin H-HD.pdf,312134
MAE-0018,COA,MAE-0018_ELASTIN H-HD_COA(ENG).pdf,d:\(주)에바스코스메틱 Dropbox\JI SEULKI\claude\@ongoing_LAB doc\200_연구실 문서 샘플\250930_COA (원료업체)\MAE-0018_ELASTIN H-HD_COA(ENG).pdf,63191
MAE-0019,COA,MAE-0019_SPECBIO ECTOIN_COA.pdf,d:\(주)에바스코스메틱 Dropbox\JI SEULKI\claude\@ongoing_LAB doc\200_연구실 문서 샘플\250930_COA (원료업체)\MAE-0019_SPECBIO ECTOIN_COA.pdf,434684
MAE-0019,COA,MAE-0019_SpecBio® Ectoine_SPEC.pdf,d:\(주)에바스코스메틱 Dropbox\JI SEULKI\claude\@ongoing_LAB doc\200_연구실 문서 샘플\250930_COA (원료업체)\MAE-0019_SpecBio® Ectoine_SPEC.pdf,514764
MAE-0020,COA,MAE-0020_EVAS Anti-odor Complex_COA.pdf,d:\(주)에바스코스메틱 Dropbox\JI SEULKI\claude\@ongoing_LAB doc\200_연구실 문서 샘플\250930_COA (원료업체)\MAE-0020_EVAS Anti-odor Complex_COA.pdf,86261
MAF-0006,COA,MAF-0006_Fresh Green Bud(무방부)_영문 COA.pdf,d:\(주)에바스코스메틱 Dropbox\JI SEULKI\claude\@ongoing_LAB doc\200_연구실 문서 샘플\250930_COA (원료업체)\MAF-0006_Fresh Green Bud(무방부)_영문 COA.pdf,417354
MAF-0006,COA,MAF-0006_Fresh Green Bud.pdf,d:\(주)에바스코스메틱 Dropbox\JI SEULKI\claude\@ongoing_LAB doc\200_연구실 문서 샘플\250930_COA (원료업체)\MAF-0006_Fresh Green Bud.pdf,772298
MAF-0008,COA,MAF-0008_FruitMax Brown 900 WS.pdf,d:\(주)에바스코스메틱 Dropbox\JI SEULKI\claude\@ongoing_LAB doc\200_연구실 문서 샘플\250930_COA (원료업체)\MAF-0008_FruitMax Brown 900 WS.pdf,451513
MAF-0008,COA,MAF-0008_FRUITMAX BROWN 900 WS_COA.pdf,d:\(주)에바스코스메틱 Dropbox\JI SEULKI\claude\@ongoing_LAB doc\200_연구실 문서 샘플\250930_COA (원료업체)\MAF-0008_FRUITMAX BROWN 900 WS_COA.pdf,321865
MAG-0007,COA,MAG-0007_Gluadin W 40.pdf,d:\(주)에바스코스메틱 Dropbox\JI SEULKI\claude\@ongoing_LAB doc\200_연구실 문서 샘플\250930_COA (원료업체)\MAG-0007_Gluadin W 40.pdf,189564
MAG-0007,COA,MAG-0007_HIZ Wheat Protein_COA.pdf,d:\(주)에바스코스메틱 Dropbox\JI SEULKI\claude\@ongoing_LAB doc\200_연구실 문서 샘플\250930_COA (원료업체)\MAG-0007_HIZ Wheat Protein_COA.pdf,128655
MAG-0009,COA,MAG-0009_Green Tea Ext..pdf,d:\(주)에바스코스메틱 Dropbox\JI SEULKI\claude\@ongoing_LAB doc\200_연구실 문서 샘플\250930_COA (원료업체)\MAG-0009_Green Tea Ext..pdf,600242
MAG-0009,COA,MAG-0009_Green Tea Ext_COA(ENG).pdf,d:\(주)에바스코스메틱 Dropbox\JI SEULKI\claude\@ongoing_LAB doc\200_연구실 문서 샘플\250930_COA (원료업체)\MAG-0009_Green Tea Ext_COA(ENG).pdf,63511
MAG-0012,COA,MAG-0012 자몽추출물-PF_COA_111SWD.pdf,d:\(주)에바스코스메틱 Dropbox\JI SEULKI\claude\@ongoing_LAB doc\200_연구실 문서 샘플\250930_COA (원료업체)\MAG-0012 자몽추출물-PF_COA_111SWD.pdf,126818
MAG-0012,COA,MAG-0012_Grapefruit Extract-PF_COA(ENG)_107XWD.pdf,d:\(주)에바스코스메틱 Dropbox\JI SEULKI\claude\@ongoing_LAB doc\200_연구실 문서 샘플\250930_COA (원료업체)\MAG-0012_Grapefruit Extract-PF_COA(ENG)_107XWD.pdf,89160
MAG-0021,COA,MAG-0021_갈락토미세스 발효여과물.pdf,d:\(주)에바스코스메틱 Dropbox\JI SEULKI\claude\@ongoing_LAB doc\200_연구실 문서 샘플\250930_COA (원료업체)\MAG-0021_갈락토미세스 발효여과물.pdf,490718
MAG-0021,COA,MAG-0021_갈락토미세스발효여과물_영문COA.pdf,d:\(주)에바스코스메틱 Dropbox\JI SEULKI\claude\@ongoing_LAB doc\200_연구실 문서 샘플\250930_COA (원료업체)\MAG-0021_갈락토미세스발효여과물_영문COA.pdf,414642
MAG-0024,COA,MAG-0024_감귤추출물_COA(영문).pdf,d:\(주)에바스코스메틱 Dropbox\JI SEULKI\claude\@ongoing_LAB doc\200_연구실 문서 샘플\250930_COA (원료업체)\MAG-0024_감귤추출물_COA(영문).pdf,250465
MAG-0024,COA,MAG-0024_감귤추출물_COA국문.pdf,d:\(주)에바스코스메틱 Dropbox\JI SEULKI\claude\@ongoing_LAB doc\200_연구실 문서 샘플\250930_COA (원료업체)\MAG-0024_감귤추출물_COA국문.pdf,260878
MAG-0026,COA,MAG-0026_검정콩추출물.pdf,d:\(주)에바스코스메틱 Dropbox\JI SEULKI\claude\@ongoing_LAB doc\200_연구실 문서 샘플\250930_COA (원료업체)\MAG-0026_검정콩추출물.pdf,613776
MAG-0027,COA,MAG-0027_L-Glutathione_Kaiping_COA.pdf,d:\(주)에바스코스메틱 Dropbox\JI SEULKI\claude\@ongoing_LAB doc\200_연구실 문서 샘플\250930_COA (원료업체)\MAG-0027_L-Glutathione_Kaiping_COA.pdf,616208
MAG-0027,COA,MAG-0027_L-Glutathione_Kyowa_COA.pdf,d:\(주)에바스코스메틱 Dropbox\JI SEULKI\claude\@ongoing_LAB doc\200_연구실 문서 샘플\250930_COA (원료업체)\MAG-0027_L-Glutathione_Kyowa_COA.pdf,603367
MAG-0028,COA,MAG-0028_녹차파우더 GB 3000.pdf,d:\(주)에바스코스메틱 Dropbox\JI SEULKI\claude\@ongoing_LAB doc\200_연구실 문서 샘플\250930_COA (원료업체)\MAG-0028_녹차파우더 GB 3000.pdf,205911
MAG-0029,COA,MAG-0029_가르니시아열매추출물.pdf,d:\(주)에바스코스메틱 Dropbox\JI SEULKI\claude\@ongoing_LAB doc\200_연구실 문서 샘플\250930_COA (원료업체)\MAG-0029_가르니시아열매추출물.pdf,583238
MAG-0030,COA,MAG-0030_금사연둥지.pdf,d:\(주)에바스코스메틱 Dropbox\JI SEULKI\claude\@ongoing_LAB doc\200_연구실 문서 샘플\250930_COA (원료업체)\MAG-0030_금사연둥지.pdf,650360
MAG-0031,COA,MAG-0031_GREEN WS-P HIGH_COA.pdf,d:\(주)에바스코스메틱 Dropbox\JI SEULKI\claude\@ongoing_LAB doc\200_연구실 문서 샘플\250930_COA (원료업체)\MAG-0031_GREEN WS-P HIGH_COA.pdf,288135
MAG-0032,COA,MAG-0032_GINSENOSIDES SOLUTION_COA.pdf,d:\(주)에바스코스메틱 Dropbox\JI SEULKI\claude\@ongoing_LAB doc\200_연구실 문서 샘플\250930_COA (원료업체)\MAG-0032_GINSENOSIDES SOLUTION_COA.pdf,238086
MAG-0032,COA,MAG-0032_Ginsenosides Solution_SPEC.pdf,d:\(주)에바스코스메틱 Dropbox\JI SEULKI\claude\@ongoing_LAB doc\200_연구실 문서 샘플\250930_COA (원료업체)\MAG-0032_Ginsenosides Solution_SPEC.pdf,83363
MAG-0033,COA,MAG-0033_ginsenoside_exosome__9_COA.pdf,d:\(주)에바스코스메틱 Dropbox\JI SEULKI\claude\@ongoing_LAB doc\200_연구실 문서 샘플\250930_COA (원료업체)\MAG-0033_ginsenoside_exosome__9_COA.pdf,92997
MAH-0006,COA,MAH-0006_Rosemary Extract_COA(ENG).pdf,d:\(주)에바스코스메틱 Dropbox\JI SEULKI\claude\@ongoing_LAB doc\200_연구실 문서 샘플\250930_COA (원료업체)\MAH-0006_Rosemary Extract_COA(ENG).pdf,63339
MAH-0006,COA,MAH-0006_로즈마리추출물.pdf,d:\(주)에바스코스메틱 Dropbox\JI SEULKI\claude\@ongoing_LAB doc\200_연구실 문서 샘플\250930_COA (원료업체)\MAH-0006_로즈마리추출물.pdf,293172
MAH-0008,COA,MAH-0008_Honey.pdf,d:\(주)에바스코스메틱 Dropbox\JI SEULKI\claude\@ongoing_LAB doc\200_연구실 문서 샘플\250930_COA (원료업체)\MAH-0008_Honey.pdf,260844
MAH-0008,COA,MAH-0008_Honey_영문COA.pdf,d:\(주)에바스코스메틱 Dropbox\JI SEULKI\claude\@ongoing_LAB doc\200_연구실 문서 샘플\250930_COA (원료업체)\MAH-0008_Honey_영문COA.pdf,833436
MAH-0011,COA,MAH-0011_Ivy Ext(EN).pdf,d:\(주)에바스코스메틱 Dropbox\JI SEULKI\claude\@ongoing_LAB doc\200_연구실 문서 샘플\250930_COA (원료업체)\MAH-0011_Ivy Ext(EN).pdf,174984
MAH-0011,COA,MAH-0011_Ivy Ext.(담쟁이).pdf,d:\(주)에바스코스메틱 Dropbox\JI SEULKI\claude\@ongoing_LAB doc\200_연구실 문서 샘플\250930_COA (원료업체)\MAH-0011_Ivy Ext.(담쟁이).pdf,284552
MAH-0018,COA,MAH-0018_Honey Extract.pdf,d:\(주)에바스코스메틱 Dropbox\JI SEULKI\claude\@ongoing_LAB doc\200_연구실 문서 샘플\250930_COA (원료업체)\MAH-0018_Honey Extract.pdf,729594
MAH-0018,COA,MAH-0018_꿀추출물_영문COA.pdf,d:\(주)에바스코스메틱 Dropbox\JI SEULKI\claude\@ongoing_LAB doc\200_연구실 문서 샘플\250930_COA (원료업체)\MAH-0018_꿀추출물_영문COA.pdf,418489
MAH-0021,COA,MAH-0021_스웨덴 홍차추출물_COA.pdf,d:\(주)에바스코스메틱 Dropbox\JI SEULKI\claude\@ongoing_LAB doc\200_연구실 문서 샘플\250930_COA (원료업체)\MAH-0021_스웨덴 홍차추출물_COA.pdf,274079
MAH-0022,COA,MAH-0022_Hibiscus Flower Extract_COA(ENG).pdf,d:\(주)에바스코스메틱 Dropbox\JI SEULKI\claude\@ongoing_LAB doc\200_연구실 문서 샘플\250930_COA (원료업체)\MAH-0022_Hibiscus Flower Extract_COA(ENG).pdf,63561
MAH-0022,COA,MAH-0022_히비스커스 추출물.pdf,d:\(주)에바스코스메틱 Dropbox\JI SEULKI\claude\@ongoing_LAB doc\200_연구실 문서 샘플\250930_COA (원료업체)\MAH-0022_히비스커스 추출물.pdf,662639
MAH-0023,COA,MAH-0023_houttuynia cordata pwd gb 1000_composition.pdf,d:\(주)에바스코스메틱 Dropbox\JI SEULKI\claude\@ongoing_LAB doc\200_연구실 문서 샘플\250930_COA (원료업체)\MAH-0023_houttuynia cordata pwd gb 1000_composition.pdf,346406
MAH-0024,COA,MAH-0024-Red Ginseng Water-HD_COA(ENG).pdf,d:\(주)에바스코스메틱 Dropbox\JI SEULKI\claude\@ongoing_LAB doc\200_연구실 문서 샘플\250930_COA (원료업체)\MAH-0024-Red Ginseng Water-HD_COA(ENG).pdf,112843
MAH-0024,COA,MAH-0024_홍삼수-HD_COA.pdf,d:\(주)에바스코스메틱 Dropbox\JI SEULKI\claude\@ongoing_LAB doc\200_연구실 문서 샘플\250930_COA (원료업체)\MAH-0024_홍삼수-HD_COA.pdf,400446
MAH-0024,COA,MAH-0024_홍삼수-HD_SPEC.pdf,d:\(주)에바스코스메틱 Dropbox\JI SEULKI\claude\@ongoing_LAB doc\200_연구실 문서 샘플\250930_COA (원료업체)\MAH-0024_홍삼수-HD_SPEC.pdf,98921
MAH-0025,COA,MAH-0025_Hyal 11(T)_CoA.pdf,d:\(주)에바스코스메틱 Dropbox\JI SEULKI\claude\@ongoing_LAB doc\200_연구실 문서 샘플\250930_COA (원료업체)\MAH-0025_Hyal 11(T)_CoA.pdf,62942
MAI-0003,COA,MAI-0003_INFLAX.pdf,d:\(주)에바스코스메틱 Dropbox\JI SEULKI\claude\@ongoing_LAB doc\200_연구실 문서 샘플\250930_COA (원료업체)\MAI-0003_INFLAX.pdf,664880
MAI-0003,COA,MAI-0003_INFLAX_영문COA.pdf,d:\(주)에바스코스메틱 Dropbox\JI SEULKI\claude\@ongoing_LAB doc\200_연구실 문서 샘플\250930_COA (원료업체)\MAI-0003_INFLAX_영문COA.pdf,141505
MAI-0005,COA,MAI-0005_Ginseng Ferment(B) Filtrate-HD_COA(ENG).pdf,d:\(주)에바스코스메틱 Dropbox\JI SEULKI\claude\@ongoing_LAB doc\200_연구실 문서 샘플\250930_COA (원료업체)\MAI-0005_Ginseng Ferment(B) Filtrate-HD_COA(ENG).pdf,63029
MAI-0005,COA,MAI-0005_인삼발효(B)여과물-HD.pdf,d:\(주)에바스코스메틱 Dropbox\JI SEULKI\claude\@ongoing_LAB doc\200_연구실 문서 샘플\250930_COA (원료업체)\MAI-0005_인삼발효(B)여과물-HD.pdf,611463
MAJ-0004,COA,MAJ-0004_제비꽃 추출물.pdf,d:\(주)에바스코스메틱 Dropbox\JI SEULKI\claude\@ongoing_LAB doc\200_연구실 문서 샘플\250930_COA (원료업체)\MAJ-0004_제비꽃 추출물.pdf,727362
MAJ-0004,COA,MAJ-0004_제비꽃추출물_영문COA.pdf,d:\(주)에바스코스메틱 Dropbox\JI SEULKI\claude\@ongoing_LAB doc\200_연구실 문서 샘플\250930_COA (원료업체)\MAJ-0004_제비꽃추출물_영문COA.pdf,418468
MAJ-0005,COA,MAJ-0005_진주추출물-NP_영문 COA.pdf,d:\(주)에바스코스메틱 Dropbox\JI SEULKI\claude\@ongoing_LAB doc\200_연구실 문서 샘플\250930_COA (원료업체)\MAJ-0005_진주추출물-NP_영문 COA.pdf,415774
MAJ-0005,COA,MAJ-0005_진주추출물_coa.pdf,d:\(주)에바스코스메틱 Dropbox\JI SEULKI\claude\@ongoing_LAB doc\200_연구실 문서 샘플\250930_COA (원료업체)\MAJ-0005_진주추출물_coa.pdf,315475
MAJ-0006,COA,MAJ-0006_작약꽃추출물_COA.pdf,d:\(주)에바스코스메틱 Dropbox\JI SEULKI\claude\@ongoing_LAB doc\200_연구실 문서 샘플\250930_COA (원료업체)\MAJ-0006_작약꽃추출물_COA.pdf,309195
MAK-0001,COA,MAK-0001_Keratin H-HD_COA(ENG).pdf,d:\(주)에바스코스메틱 Dropbox\JI SEULKI\claude\@ongoing_LAB doc\200_연구실 문서 샘플\250930_COA (원료업체)\MAK-0001_Keratin H-HD_COA(ENG).pdf,63246
MAL-0001,COA,MAL-0001_L-ARGININE (COA).pdf,d:\(주)에바스코스메틱 Dropbox\JI SEULKI\claude\@ongoing_LAB doc\200_연구실 문서 샘플\250930_COA (원료업체)\MAL-0001_L-ARGININE (COA).pdf,404326
MAL-0001,COA,MAL-0001_L-ARGININE_COA.pdf,d:\(주)에바스코스메틱 Dropbox\JI SEULKI\claude\@ongoing_LAB doc\200_연구실 문서 샘플\250930_COA (원료업체)\MAL-0001_L-ARGININE_COA.pdf,327401
MAL-0001,COA,MAL-0001_L-아르지닌(영문)COA.pdf,d:\(주)에바스코스메틱 Dropbox\JI SEULKI\claude\@ongoing_LAB doc\200_연구실 문서 샘플\250930_COA (원료업체)\MAL-0001_L-아르지닌(영문)COA.pdf,300644
MAL-0016,COA,MAL-0016-라벤더추출물-NS_영문 COA.pdf,d:\(주)에바스코스메틱 Dropbox\JI SEULKI\claude\@ongoing_LAB doc\200_연구실 문서 샘플\250930_COA (원료업체)\MAL-0016-라벤더추출물-NS_영문 COA.pdf,419518
MAL-0016,COA,MAL-0016_라벤더추출물_COA.pdf,d:\(주)에바스코스메틱 Dropbox\JI SEULKI\claude\@ongoing_LAB doc\200_연구실 문서 샘플\250930_COA (원료업체)\MAL-0016_라벤더추출물_COA.pdf,329870
MAL-0017,COA,MAL-0017_Organic Lemonbalm Water.pdf,d:\(주)에바스코스메틱 Dropbox\JI SEULKI\claude\@ongoing_LAB doc\200_연구실 문서 샘플\250930_COA (원료업체)\MAL-0017_Organic Lemonbalm Water.pdf,565672
MAL-0017,COA,MAL-0017_유기농레몬밤수_영문 COA.pdf,d:\(주)에바스코스메틱 Dropbox\JI SEULKI\claude\@ongoing_LAB doc\200_연구실 문서 샘플\250930_COA (원료업체)\MAL-0017_유기농레몬밤수_영문 COA.pdf,418077
MAL-0018,COA,MAL-0018_레몬추출물.pdf,d:\(주)에바스코스메틱 Dropbox\JI SEULKI\claude\@ongoing_LAB doc\200_연구실 문서 샘플\250930_COA (원료업체)\MAL-0018_레몬추출물.pdf,771931
MAL-0019,COA,MAL-0019_Lovely Berry 4 Complex.pdf,d:\(주)에바스코스메틱 Dropbox\JI SEULKI\claude\@ongoing_LAB doc\200_연구실 문서 샘플\250930_COA (원료업체)\MAL-0019_Lovely Berry 4 Complex.pdf,803889
MAL-0019,COA,MAL-0019_Lovely Berry 4 Complex_영문COA.pdf,d:\(주)에바스코스메틱 Dropbox\JI SEULKI\claude\@ongoing_LAB doc\200_연구실 문서 샘플\250930_COA (원료업체)\MAL-0019_Lovely Berry 4 Complex_영문COA.pdf,415715
MAL-0020,COA,MAL-0020_라임추출물.pdf,d:\(주)에바스코스메틱 Dropbox\JI SEULKI\claude\@ongoing_LAB doc\200_연구실 문서 샘플\250930_COA (원료업체)\MAL-0020_라임추출물.pdf,750528
MAL-0020,COA,MAL-0020_라임추출물_영문 COA.pdf,d:\(주)에바스코스메틱 Dropbox\JI SEULKI\claude\@ongoing_LAB doc\200_연구실 문서 샘플\250930_COA (원료업체)\MAL-0020_라임추출물_영문 COA.pdf,418582
MAL-0022,COA,MAL-0022_Lactobacillus Ferment-HD_COA.pdf,d:\(주)에바스코스메틱 Dropbox\JI SEULKI\claude\@ongoing_LAB doc\200_연구실 문서 샘플\250930_COA (원료업체)\MAL-0022_Lactobacillus Ferment-HD_COA.pdf,61699
MAL-0022,COA,MAL-0022_락토바실러스발효물-HD.pdf,d:\(주)에바스코스메틱 Dropbox\JI SEULKI\claude\@ongoing_LAB doc\200_연구실 문서 샘플\250930_COA (원료업체)\MAL-0022_락토바실러스발효물-HD.pdf,599655
MAL-0023,COA,MAL-0023_리치열매추출물_COA.pdf,d:\(주)에바스코스메틱 Dropbox\JI SEULKI\claude\@ongoing_LAB doc\200_연구실 문서 샘플\250930_COA (원료업체)\MAL-0023_리치열매추출물_COA.pdf,83046
MAL-0024,COA,MAL-0024_LACTO 10 COMPLEX_COA.pdf,d:\(주)에바스코스메틱 Dropbox\JI SEULKI\claude\@ongoing_LAB doc\200_연구실 문서 샘플\250930_COA (원료업체)\MAL-0024_LACTO 10 COMPLEX_COA.pdf,436066
MAL-0024,COA,MAL-0024_Lacto 10 Complex_SPEC.pdf,d:\(주)에바스코스메틱 Dropbox\JI SEULKI\claude\@ongoing_LAB doc\200_연구실 문서 샘플\250930_COA (원료업체)\MAL-0024_Lacto 10 Complex_SPEC.pdf,337434
MAL-0024,COA,MAL-0024_Lacto 10 Complex_영문 COA.pdf,d:\(주)에바스코스메틱 Dropbox\JI SEULKI\claude\@ongoing_LAB doc\200_연구실 문서 샘플\250930_COA (원료업체)\MAL-0024_Lacto 10 Complex_영문 COA.pdf,359084
MAM-0001,COA,MAM-0001_Marigold Ext..pdf,d:\(주)에바스코스메틱 Dropbox\JI SEULKI\claude\@ongoing_LAB doc\200_연구실 문서 샘플\250930_COA (원료업체)\MAM-0001_Marigold Ext..pdf,665552
MAM-0001,COA,MAM-0001_Marigold Ext_COA(ENG).pdf,d:\(주)에바스코스메틱 Dropbox\JI SEULKI\claude\@ongoing_LAB doc\200_연구실 문서 샘플\250930_COA (원료업체)\MAM-0001_Marigold Ext_COA(ENG).pdf,63459
MAM-0011,COA,MAM-0011_Marine collagen(KV)_COA.pdf,d:\(주)에바스코스메틱 Dropbox\JI SEULKI\claude\@ongoing_LAB doc\200_연구실 문서 샘플\250930_COA (원료업체)\MAM-0011_Marine collagen(KV)_COA.pdf,208810
MAM-0026,COA,MAM-0026_모링가잎 추출물.pdf,d:\(주)에바스코스메틱 Dropbox\JI SEULKI\claude\@ongoing_LAB doc\200_연구실 문서 샘플\250930_COA (원료업체)\MAM-0026_모링가잎 추출물.pdf,622388
MAM-0027,COA,MAM-0027_우유추출물-NP.pdf,d:\(주)에바스코스메틱 Dropbox\JI SEULKI\claude\@ongoing_LAB doc\200_연구실 문서 샘플\250930_COA (원료업체)\MAM-0027_우유추출물-NP.pdf,512804
MAM-0027,COA,MAM-0027_우유추출물-NP_영문COA.pdf,d:\(주)에바스코스메틱 Dropbox\JI SEULKI\claude\@ongoing_LAB doc\200_연구실 문서 샘플\250930_COA (원료업체)\MAM-0027_우유추출물-NP_영문COA.pdf,414431
MAM-0028,COA,MAM-0028_망고추출물.pdf,d:\(주)에바스코스메틱 Dropbox\JI SEULKI\claude\@ongoing_LAB doc\200_연구실 문서 샘플\250930_COA (원료업체)\MAM-0028_망고추출물.pdf,570827
MAM-0029,COA,MAM-0029_Marine collagen(KV)(H)_COA(영문).pdf,d:\(주)에바스코스메틱 Dropbox\JI SEULKI\claude\@ongoing_LAB doc\200_연구실 문서 샘플\250930_COA (원료업체)\MAM-0029_Marine collagen(KV)(H)_COA(영문).pdf,202383
MAM-0029,COA,MAM-0029_Marine collagen(KV)(H)_COA.pdf,d:\(주)에바스코스메틱 Dropbox\JI SEULKI\claude\@ongoing_LAB doc\200_연구실 문서 샘플\250930_COA (원료업체)\MAM-0029_Marine collagen(KV)(H)_COA.pdf,84525
MAM-0030,COA,MAM-0030_MSM.pdf,d:\(주)에바스코스메틱 Dropbox\JI SEULKI\claude\@ongoing_LAB doc\200_연구실 문서 샘플\250930_COA (원료업체)\MAM-0030_MSM.pdf,109462
MAM-0030,COA,MAM-0030_MSM_COA.pdf,d:\(주)에바스코스메틱 Dropbox\JI SEULKI\claude\@ongoing_LAB doc\200_연구실 문서 샘플\250930_COA (원료업체)\MAM-0030_MSM_COA.pdf,470630
MAM-0030,COA,MAM-0030_MSM_XINGFA_Allergen Statement.pdf,d:\(주)에바스코스메틱 Dropbox\JI SEULKI\claude\@ongoing_LAB doc\200_연구실 문서 샘플\250930_COA (원료업체)\MAM-0030_MSM_XINGFA_Allergen Statement.pdf,36391
MAM-0030,COA,MAM-0030_MSM_XINGFA_COA of Dimethyl Sulfone Food Grade 20-40mesh.pdf,d:\(주)에바스코스메틱 Dropbox\JI SEULKI\claude\@ongoing_LAB doc\200_연구실 문서 샘플\250930_COA (원료업체)\MAM-0030_MSM_XINGFA_COA of Dimethyl Sulfone Food Grade 20-40mesh.pdf,90522
MAM-0030,COA,MAM-0030_MSM_XINGFA_TDS-Dimethyl Sulfone.pdf,d:\(주)에바스코스메틱 Dropbox\JI SEULKI\claude\@ongoing_LAB doc\200_연구실 문서 샘플\250930_COA (원료업체)\MAM-0030_MSM_XINGFA_TDS-Dimethyl Sulfone.pdf,71136
MAM-0030,COA,MAM-0030_MSM_XINGFA_Vegan Statement-Dimethyl Sulfone.pdf,d:\(주)에바스코스메틱 Dropbox\JI SEULKI\claude\@ongoing_LAB doc\200_연구실 문서 샘플\250930_COA (원료업체)\MAM-0030_MSM_XINGFA_Vegan Statement-Dimethyl Sulfone.pdf,66326
MAM-0031,COA,MAM-0031_Lepidium Meyenii Extract_COA(ENG).pdf,d:\(주)에바스코스메틱 Dropbox\JI SEULKI\claude\@ongoing_LAB doc\200_연구실 문서 샘플\250930_COA (원료업체)\MAM-0031_Lepidium Meyenii Extract_COA(ENG).pdf,63283
MAM-0033,COA,MAM-0033_Melafresh T96_COA.pdf,d:\(주)에바스코스메틱 Dropbox\JI SEULKI\claude\@ongoing_LAB doc\200_연구실 문서 샘플\250930_COA (원료업체)\MAM-0033_Melafresh T96_COA.pdf,416637
MAM-0034,COA,MAM-0034_MS-NeoBead GR13(G)_COA.pdf,d:\(주)에바스코스메틱 Dropbox\JI SEULKI\claude\@ongoing_LAB doc\200_연구실 문서 샘플\250930_COA (원료업체)\MAM-0034_MS-NeoBead GR13(G)_COA.pdf,65819
MAM-0035,COA,MAM-0035_COA_Madecassoside 90.pdf,d:\(주)에바스코스메틱 Dropbox\JI SEULKI\claude\@ongoing_LAB doc\200_연구실 문서 샘플\250930_COA (원료업체)\MAM-0035_COA_Madecassoside 90.pdf,301481
MAM-0036,COA,MAM-0036_Chamomilla Recutita (Matricaria) Flower Water-HD_COA(ENG).pdf,d:\(주)에바스코스메틱 Dropbox\JI SEULKI\claude\@ongoing_LAB doc\200_연구실 문서 샘플\250930_COA (원료업체)\MAM-0036_Chamomilla Recutita (Matricaria) Flower Water-HD_COA(ENG).pdf,63554
MAM-0036,COA,MAM-0036_마트리카리아꽃수-HD_COA.pdf,d:\(주)에바스코스메틱 Dropbox\JI SEULKI\claude\@ongoing_LAB doc\200_연구실 문서 샘플\250930_COA (원료업체)\MAM-0036_마트리카리아꽃수-HD_COA.pdf,83079
MAN-0001,COA,MAN-0001_Nicotinamide (Niacinamide PC).pdf,d:\(주)에바스코스메틱 Dropbox\JI SEULKI\claude\@ongoing_LAB doc\200_연구실 문서 샘플\250930_COA (원료업체)\MAN-0001_Nicotinamide (Niacinamide PC).pdf,1499097
MAN-0009,COA,MAN-0009_COA-NSG.pdf,d:\(주)에바스코스메틱 Dropbox\JI SEULKI\claude\@ongoing_LAB doc\200_연구실 문서 샘플\250930_COA (원료업체)\MAN-0009_COA-NSG.pdf,274307
MAN-0009,COA,MAN-0009_NSG.pdf,d:\(주)에바스코스메틱 Dropbox\JI SEULKI\claude\@ongoing_LAB doc\200_연구실 문서 샘플\250930_COA (원료업체)\MAN-0009_NSG.pdf,336479
MAN-0011,COA,MAN-0011_Nanoactive RAL.pdf,d:\(주)에바스코스메틱 Dropbox\JI SEULKI\claude\@ongoing_LAB doc\200_연구실 문서 샘플\250930_COA (원료업체)\MAN-0011_Nanoactive RAL.pdf,259610
MAO-0006,COA,MAO-0006_오렌지 추출물.pdf,d:\(주)에바스코스메틱 Dropbox\JI SEULKI\claude\@ongoing_LAB doc\200_연구실 문서 샘플\250930_COA (원료업체)\MAO-0006_오렌지 추출물.pdf,514035
MAO-0008,COA,MAO-0008_온천수-WP_COA.pdf,d:\(주)에바스코스메틱 Dropbox\JI SEULKI\claude\@ongoing_LAB doc\200_연구실 문서 샘플\250930_COA (원료업체)\MAO-0008_온천수-WP_COA.pdf,280424
MAO-0008,COA,MAO-0008_온천수-WP_영문 COA.pdf,d:\(주)에바스코스메틱 Dropbox\JI SEULKI\claude\@ongoing_LAB doc\200_연구실 문서 샘플\250930_COA (원료업체)\MAO-0008_온천수-WP_영문 COA.pdf,415500
MAP-0011,COA,MAP-0011_Hydrolyzed Silk-HD_COA(ENG).pdf,d:\(주)에바스코스메틱 Dropbox\JI SEULKI\claude\@ongoing_LAB doc\200_연구실 문서 샘플\250930_COA (원료업체)\MAP-0011_Hydrolyzed Silk-HD_COA(ENG).pdf,63399
MAP-0011,COA,MAP-0011_하이드롤라이즈드실크-HD.pdf,d:\(주)에바스코스메틱 Dropbox\JI SEULKI\claude\@ongoing_LAB doc\200_연구실 문서 샘플\250930_COA (원료업체)\MAP-0011_하이드롤라이즈드실크-HD.pdf,702305
MAP-0019,COA,MAP-0019_Portulaca Ext.(마치현).pdf,d:\(주)에바스코스메틱 Dropbox\JI SEULKI\claude\@ongoing_LAB doc\200_연구실 문서 샘플\250930_COA (원료업체)\MAP-0019_Portulaca Ext.(마치현).pdf,127097
MAP-0020,COA,MAP-0020_Phyto Keratin_23COA.pdf,d:\(주)에바스코스메틱 Dropbox\JI SEULKI\claude\@ongoing_LAB doc\200_연구실 문서 샘플\250930_COA (원료업체)\MAP-0020_Phyto Keratin_23COA.pdf,98954
MAP-0020,COA,MAP-0020_PHYTO KERATIN_COA.pdf,d:\(주)에바스코스메틱 Dropbox\JI SEULKI\claude\@ongoing_LAB doc\200_연구실 문서 샘플\250930_COA (원료업체)\MAP-0020_PHYTO KERATIN_COA.pdf,197937
MAP-0020,COA,MAP-0020_Phyto Protein Complex_COA(ENG).pdf,d:\(주)에바스코스메틱 Dropbox\JI SEULKI\claude\@ongoing_LAB doc\200_연구실 문서 샘플\250930_COA (원료업체)\MAP-0020_Phyto Protein Complex_COA(ENG).pdf,64019
MAP-0020,COA,MAP-0020_Phyto Protein Complex_COA.pdf,d:\(주)에바스코스메틱 Dropbox\JI SEULKI\claude\@ongoing_LAB doc\200_연구실 문서 샘플\250930_COA (원료업체)\MAP-0020_Phyto Protein Complex_COA.pdf,84144
MAP-0020,COA,MAP-0020_PHYTOKERATIN.pdf,d:\(주)에바스코스메틱 Dropbox\JI SEULKI\claude\@ongoing_LAB doc\200_연구실 문서 샘플\250930_COA (원료업체)\MAP-0020_PHYTOKERATIN.pdf,387955
MAP-0022,COA,MAP-0022_석류추출물（ Punica Extract).pdf,d:\(주)에바스코스메틱 Dropbox\JI SEULKI\claude\@ongoing_LAB doc\200_연구실 문서 샘플\250930_COA (원료업체)\MAP-0022_석류추출물（ Punica Extract).pdf,645640
MAP-0030,COA,MAP-0030_Phyto Aqua HA-05.pdf,d:\(주)에바스코스메틱 Dropbox\JI SEULKI\claude\@ongoing_LAB doc\200_연구실 문서 샘플\250930_COA (원료업체)\MAP-0030_Phyto Aqua HA-05.pdf,596198
MAP-0032,COA,MAP-0032_Phytobright-FR (PD).pdf,d:\(주)에바스코스메틱 Dropbox\JI SEULKI\claude\@ongoing_LAB doc\200_연구실 문서 샘플\250930_COA (원료업체)\MAP-0032_Phytobright-FR (PD).pdf,581546
MAP-0033,COA,MAP-0033_프로폴리스 추출물.pdf,d:\(주)에바스코스메틱 Dropbox\JI SEULKI\claude\@ongoing_LAB doc\200_연구실 문서 샘플\250930_COA (원료업체)\MAP-0033_프로폴리스 추출물.pdf,585359
MAP-0033,COA,MAP-0033_프로폴리스추출물_영문 COA.pdf,d:\(주)에바스코스메틱 Dropbox\JI SEULKI\claude\@ongoing_LAB doc\200_연구실 문서 샘플\250930_COA (원료업체)\MAP-0033_프로폴리스추출물_영문 COA.pdf,419335
MAP-0035,COA,MAP-0035_Peptuin 9 balance_COA.pdf,d:\(주)에바스코스메틱 Dropbox\JI SEULKI\claude\@ongoing_LAB doc\200_연구실 문서 샘플\250930_COA (원료업체)\MAP-0035_Peptuin 9 balance_COA.pdf,156338
MAP-0035,COA,MAP-0035_Peptuin 9 balance_영문COA.pdf,d:\(주)에바스코스메틱 Dropbox\JI SEULKI\claude\@ongoing_LAB doc\200_연구실 문서 샘플\250930_COA (원료업체)\MAP-0035_Peptuin 9 balance_영문COA.pdf,112961
MAP-0036,COA,MAP-0036_프로폴리스 추출수.pdf,d:\(주)에바스코스메틱 Dropbox\JI SEULKI\claude\@ongoing_LAB doc\200_연구실 문서 샘플\250930_COA (원료업체)\MAP-0036_프로폴리스 추출수.pdf,612342
MAP-0038,COA,MAP-0038_PUENSOMES.pdf,d:\(주)에바스코스메틱 Dropbox\JI SEULKI\claude\@ongoing_LAB doc\200_연구실 문서 샘플\250930_COA (원료업체)\MAP-0038_PUENSOMES.pdf,363932
MAP-0039,COA,MAP-0039_AIO Marine Plant PDRN_COA.pdf,d:\(주)에바스코스메틱 Dropbox\JI SEULKI\claude\@ongoing_LAB doc\200_연구실 문서 샘플\250930_COA (원료업체)\MAP-0039_AIO Marine Plant PDRN_COA.pdf,318038
MAP-0040,COA,MAP-0040_phytoserene_COA.pdf,d:\(주)에바스코스메틱 Dropbox\JI SEULKI\claude\@ongoing_LAB doc\200_연구실 문서 샘플\250930_COA (원료업체)\MAP-0040_phytoserene_COA.pdf,184810
MAR-0006,COA,MAR-0006_ROSEWATER_COA.pdf,d:\(주)에바스코스메틱 Dropbox\JI SEULKI\claude\@ongoing_LAB doc\200_연구실 문서 샘플\250930_COA (원료업체)\MAR-0006_ROSEWATER_COA.pdf,130985
MAR-0014,COA,MAR-0014_로즈오브예리코추출물_영문 COA.pdf,d:\(주)에바스코스메틱 Dropbox\JI SEULKI\claude\@ongoing_LAB doc\200_연구실 문서 샘플\250930_COA (원료업체)\MAR-0014_로즈오브예리코추출물_영문 COA.pdf,417269
MAR-0015,COA,MAR-0015_RCe(LS) FM-HD.pdf,d:\(주)에바스코스메틱 Dropbox\JI SEULKI\claude\@ongoing_LAB doc\200_연구실 문서 샘플\250930_COA (원료업체)\MAR-0015_RCe(LS) FM-HD.pdf,621242
MAR-0015,COA,MAR-0015_RCe(LS) FM-HD_COA(ENG).pdf,d:\(주)에바스코스메틱 Dropbox\JI SEULKI\claude\@ongoing_LAB doc\200_연구실 문서 샘플\250930_COA (원료업체)\MAR-0015_RCe(LS) FM-HD_COA(ENG).pdf,63157
MAR-0016,COA,MAR-0016_RNC 2118_COA.pdf,d:\(주)에바스코스메틱 Dropbox\JI SEULKI\claude\@ongoing_LAB doc\200_연구실 문서 샘플\250930_COA (원료업체)\MAR-0016_RNC 2118_COA.pdf,226046
MAS-0003,COA,MAS-0003_Skimmed Milk Powder.pdf,d:\(주)에바스코스메틱 Dropbox\JI SEULKI\claude\@ongoing_LAB doc\200_연구실 문서 샘플\250930_COA (원료업체)\MAS-0003_Skimmed Milk Powder.pdf,294371
MAS-0003,COA,MAS-0003_SKIMMED MILK POWDER_영문 COA.pdf,d:\(주)에바스코스메틱 Dropbox\JI SEULKI\claude\@ongoing_LAB doc\200_연구실 문서 샘플\250930_COA (원료업체)\MAS-0003_SKIMMED MILK POWDER_영문 COA.pdf,102350
MAS-0008,COA,MAS-0008_조류(Algae)추출물.pdf,d:\(주)에바스코스메틱 Dropbox\JI SEULKI\claude\@ongoing_LAB doc\200_연구실 문서 샘플\250930_COA (원료업체)\MAS-0008_조류(Algae)추출물.pdf,609831
MAS-0018,COA,MAS-0018_쌀추출물_COA.pdf,d:\(주)에바스코스메틱 Dropbox\JI SEULKI\claude\@ongoing_LAB doc\200_연구실 문서 샘플\250930_COA (원료업체)\MAS-0018_쌀추출물_COA.pdf,82871
MAS-0021,COA,MAS-0021_Seed Complex (곡물혼합추출물）.pdf,d:\(주)에바스코스메틱 Dropbox\JI SEULKI\claude\@ongoing_LAB doc\200_연구실 문서 샘플\250930_COA (원료업체)\MAS-0021_Seed Complex (곡물혼합추출물）.pdf,257206
MAS-0021,COA,MAS-0021_Seed Complex_COA(EN).pdf,d:\(주)에바스코스메틱 Dropbox\JI SEULKI\claude\@ongoing_LAB doc\200_연구실 문서 샘플\250930_COA (원료업체)\MAS-0021_Seed Complex_COA(EN).pdf,93339
MAS-0022,COA,MAS-0022_Peppermint Ext..pdf,d:\(주)에바스코스메틱 Dropbox\JI SEULKI\claude\@ongoing_LAB doc\200_연구실 문서 샘플\250930_COA (원료업체)\MAS-0022_Peppermint Ext..pdf,667559
MAS-0028,COA,MAS-0028_달팽이점액여과물.pdf,d:\(주)에바스코스메틱 Dropbox\JI SEULKI\claude\@ongoing_LAB doc\200_연구실 문서 샘플\250930_COA (원료업체)\MAS-0028_달팽이점액여과물.pdf,643800
MAS-0029,COA,MAS-0029_생모단EVAS_COA.pdf,d:\(주)에바스코스메틱 Dropbox\JI SEULKI\claude\@ongoing_LAB doc\200_연구실 문서 샘플\250930_COA (원료업체)\MAS-0029_생모단EVAS_COA.pdf,436240
MAS-0032,COA,MAS-0032_Redstem Wormwood Extract_COA(ENG).pdf,d:\(주)에바스코스메틱 Dropbox\JI SEULKI\claude\@ongoing_LAB doc\200_연구실 문서 샘플\250930_COA (원료업체)\MAS-0032_Redstem Wormwood Extract_COA(ENG).pdf,63649
MAS-0032,COA,MAS-0032_사철쑥추출물.pdf,d:\(주)에바스코스메틱 Dropbox\JI SEULKI\claude\@ongoing_LAB doc\200_연구실 문서 샘플\250930_COA (원료업체)\MAS-0032_사철쑥추출물.pdf,569440
MAS-0032,COA,MAS-0032_사철쑥추출물_제조흐름도_(주)즐거운회사.pdf,d:\(주)에바스코스메틱 Dropbox\JI SEULKI\claude\@ongoing_LAB doc\200_연구실 문서 샘플\250930_COA (원료업체)\MAS-0032_사철쑥추출물_제조흐름도_(주)즐거운회사.pdf,148326
MAS-0033,COA,MAS-0033_사탕무뿌리추출물_COA.pdf,d:\(주)에바스코스메틱 Dropbox\JI SEULKI\claude\@ongoing_LAB doc\200_연구실 문서 샘플\250930_COA (원료업체)\MAS-0033_사탕무뿌리추출물_COA.pdf,83465
MAS-0034,COA,MAS-0034_Spirulina Extract_영문MSDS.pdf,d:\(주)에바스코스메틱 Dropbox\JI SEULKI\claude\@ongoing_LAB doc\200_연구실 문서 샘플\250930_COA (원료업체)\MAS-0034_Spirulina Extract_영문MSDS.pdf,196676
MAS-0034,COA,MAS-0034_스피룰리나추출물)COA.pdf,d:\(주)에바스코스메틱 Dropbox\JI SEULKI\claude\@ongoing_LAB doc\200_연구실 문서 샘플\250930_COA (원료업체)\MAS-0034_스피룰리나추출물)COA.pdf,321913
MAS-0035,COA,MAS-0035_Silk Extract-PF_COA(ENG).pdf,d:\(주)에바스코스메틱 Dropbox\JI SEULKI\claude\@ongoing_LAB doc\200_연구실 문서 샘플\250930_COA (원료업체)\MAS-0035_Silk Extract-PF_COA(ENG).pdf,63370
MAS-0035,COA,MAS-0035_실크추출물.pdf,d:\(주)에바스코스메틱 Dropbox\JI SEULKI\claude\@ongoing_LAB doc\200_연구실 문서 샘플\250930_COA (원료업체)\MAS-0035_실크추출물.pdf,663231
MAS-0036,COA,MAS-0036_생강추출물-PF_COA.pdf,d:\(주)에바스코스메틱 Dropbox\JI SEULKI\claude\@ongoing_LAB doc\200_연구실 문서 샘플\250930_COA (원료업체)\MAS-0036_생강추출물-PF_COA.pdf,83492
MAS-0037,COA,MAS-0037_SYTENOL A_SYTHEON_COA.pdf,d:\(주)에바스코스메틱 Dropbox\JI SEULKI\claude\@ongoing_LAB doc\200_연구실 문서 샘플\250930_COA (원료업체)\MAS-0037_SYTENOL A_SYTHEON_COA.pdf,442854
MAS-0038,COA,MAS-0038_Sodium Hyaluronate(120만)_Shandong_COA.pdf,d:\(주)에바스코스메틱 Dropbox\JI SEULKI\claude\@ongoing_LAB doc\200_연구실 문서 샘플\250930_COA (원료업체)\MAS-0038_Sodium Hyaluronate(120만)_Shandong_COA.pdf,855584
MAS-0039,COA,MAS-0039_SinoWhite TXA COA 20190826.pdf,d:\(주)에바스코스메틱 Dropbox\JI SEULKI\claude\@ongoing_LAB doc\200_연구실 문서 샘플\250930_COA (원료업체)\MAS-0039_SinoWhite TXA COA 20190826.pdf,267538
MAS-0040,COA,MAS-0040_OPT Sugar Cane Extract (HD)_SCEH-24001_COA.pdf,d:\(주)에바스코스메틱 Dropbox\JI SEULKI\claude\@ongoing_LAB doc\200_연구실 문서 샘플\250930_COA (원료업체)\MAS-0040_OPT Sugar Cane Extract (HD)_SCEH-24001_COA.pdf,86169
MAS-0041,COA,MAS-0041_산호추출물-PF_COA.pdf,d:\(주)에바스코스메틱 Dropbox\JI SEULKI\claude\@ongoing_LAB doc\200_연구실 문서 샘플\250930_COA (원료업체)\MAS-0041_산호추출물-PF_COA.pdf,83662
MAT-0009,COA,MAT-0009_T-Flower Complex.pdf,d:\(주)에바스코스메틱 Dropbox\JI SEULKI\claude\@ongoing_LAB doc\200_연구실 문서 샘플\250930_COA (원료업체)\MAT-0009_T-Flower Complex.pdf,830654
MAT-0009,COA,MAT-0009_T-Flower Complex_영문 COA.pdf,d:\(주)에바스코스메틱 Dropbox\JI SEULKI\claude\@ongoing_LAB doc\200_연구실 문서 샘플\250930_COA (원료업체)\MAT-0009_T-Flower Complex_영문 COA.pdf,418003
MAT-0010,COA,MAT-0010_Tropical Fruits Complex-GS_영문COA.pdf,d:\(주)에바스코스메틱 Dropbox\JI SEULKI\claude\@ongoing_LAB doc\200_연구실 문서 샘플\250930_COA (원료업체)\MAT-0010_Tropical Fruits Complex-GS_영문COA.pdf,328131
MAT-0011,COA,MAT-0011_탄산수 COA.pdf,d:\(주)에바스코스메틱 Dropbox\JI SEULKI\claude\@ongoing_LAB doc\200_연구실 문서 샘플\250930_COA (원료업체)\MAT-0011_탄산수 COA.pdf,610878
MAT-0011,COA,MAT-0011_탄산수_영문MSDS.pdf,d:\(주)에바스코스메틱 Dropbox\JI SEULKI\claude\@ongoing_LAB doc\200_연구실 문서 샘플\250930_COA (원료업체)\MAT-0011_탄산수_영문MSDS.pdf,188897
MAT-0012,COA,MAT-0012_Tea Tree Extract-PF_COA(ENG).pdf,d:\(주)에바스코스메틱 Dropbox\JI SEULKI\claude\@ongoing_LAB doc\200_연구실 문서 샘플\250930_COA (원료업체)\MAT-0012_Tea Tree Extract-PF_COA(ENG).pdf,63423
MAT-0012,COA,MAT-0012_티트리잎추출물-PF.pdf,d:\(주)에바스코스메틱 Dropbox\JI SEULKI\claude\@ongoing_LAB doc\200_연구실 문서 샘플\250930_COA (원료업체)\MAT-0012_티트리잎추출물-PF.pdf,728307
MAT-0012,COA,MAT-0012_티트리잎추출물_COA.pdf,d:\(주)에바스코스메틱 Dropbox\JI SEULKI\claude\@ongoing_LAB doc\200_연구실 문서 샘플\250930_COA (원료업체)\MAT-0012_티트리잎추출물_COA.pdf,325640
MAT-0013,COA,MAT-0013_티트리잎수-HE_COA.pdf,d:\(주)에바스코스메틱 Dropbox\JI SEULKI\claude\@ongoing_LAB doc\200_연구실 문서 샘플\250930_COA (원료업체)\MAT-0013_티트리잎수-HE_COA.pdf,83512
MAT-0014,COA,MAT-0014_COA__TECA 90.pdf,d:\(주)에바스코스메틱 Dropbox\JI SEULKI\claude\@ongoing_LAB doc\200_연구실 문서 샘플\250930_COA (원료업체)\MAT-0014_COA__TECA 90.pdf,160685
MAU-0005,COA,MAU-0005_Yuja Extract-PF_COA(ENG).pdf,d:\(주)에바스코스메틱 Dropbox\JI SEULKI\claude\@ongoing_LAB doc\200_연구실 문서 샘플\250930_COA (원료업체)\MAU-0005_Yuja Extract-PF_COA(ENG).pdf,63619
MAU-0005,COA,MAU-0005_유자추추물-PF.pdf,d:\(주)에바스코스메틱 Dropbox\JI SEULKI\claude\@ongoing_LAB doc\200_연구실 문서 샘플\250930_COA (원료업체)\MAU-0005_유자추추물-PF.pdf,605912
MAU-0006,COA,MAU-0006_울릉해양심층수-THD_국문 COA.pdf,d:\(주)에바스코스메틱 Dropbox\JI SEULKI\claude\@ongoing_LAB doc\200_연구실 문서 샘플\250930_COA (원료업체)\MAU-0006_울릉해양심층수-THD_국문 COA.pdf,355346
MAV-0002,COA,MAV-0002_Vitamin-E Acetate.pdf,d:\(주)에바스코스메틱 Dropbox\JI SEULKI\claude\@ongoing_LAB doc\200_연구실 문서 샘플\250930_COA (원료업체)\MAV-0002_Vitamin-E Acetate.pdf,1250490
MAV-0005,COA,MAV-0005 Papaya Extract_COA(ENG)_122UWD.pdf,d:\(주)에바스코스메틱 Dropbox\JI SEULKI\claude\@ongoing_LAB doc\200_연구실 문서 샘플\250930_COA (원료업체)\MAV-0005 Papaya Extract_COA(ENG)_122UWD.pdf,93161
MAV-0005,COA,MAV-0005 Papaya Extract_SPEC(ENG)_(주)즐거운회사.pdf,d:\(주)에바스코스메틱 Dropbox\JI SEULKI\claude\@ongoing_LAB doc\200_연구실 문서 샘플\250930_COA (원료업체)\MAV-0005 Papaya Extract_SPEC(ENG)_(주)즐거운회사.pdf,103506
MAV-0005,COA,MAV-0005 파파야열매추출물_COA_122UWD.pdf,d:\(주)에바스코스메틱 Dropbox\JI SEULKI\claude\@ongoing_LAB doc\200_연구실 문서 샘플\250930_COA (원료업체)\MAV-0005 파파야열매추출물_COA_122UWD.pdf,109405
MAV-0005,COA,MAV-0005 파파야열매추출물_SPEC_(주)즐거운회사.pdf,d:\(주)에바스코스메틱 Dropbox\JI SEULKI\claude\@ongoing_LAB doc\200_연구실 문서 샘플\250930_COA (원료업체)\MAV-0005 파파야열매추출물_SPEC_(주)즐거운회사.pdf,109197
MAV-0005,COA,MAV-0005_Vegebios of Papaya.pdf,d:\(주)에바스코스메틱 Dropbox\JI SEULKI\claude\@ongoing_LAB doc\200_연구실 문서 샘플\250930_COA (원료업체)\MAV-0005_Vegebios of Papaya.pdf,533935
MAV-0007,COA,MAV-0007_비타민수.pdf,d:\(주)에바스코스메틱 Dropbox\JI SEULKI\claude\@ongoing_LAB doc\200_연구실 문서 샘플\250930_COA (원료업체)\MAV-0007_비타민수.pdf,595527
MAV-0007,COA,MAV-0007_비타민수_COA(ENG)_112RWD.pdf,d:\(주)에바스코스메틱 Dropbox\JI SEULKI\claude\@ongoing_LAB doc\200_연구실 문서 샘플\250930_COA (원료업체)\MAV-0007_비타민수_COA(ENG)_112RWD.pdf,89592
MAV-0008,COA,MAV-0008_VitaCE 990_COA.pdf,d:\(주)에바스코스메틱 Dropbox\JI SEULKI\claude\@ongoing_LAB doc\200_연구실 문서 샘플\250930_COA (원료업체)\MAV-0008_VitaCE 990_COA.pdf,88065
MAV-0010,COA,MAV-0010_Vita 11 TS (C)_CoA.pdf,d:\(주)에바스코스메틱 Dropbox\JI SEULKI\claude\@ongoing_LAB doc\200_연구실 문서 샘플\250930_COA (원료업체)\MAV-0010_Vita 11 TS (C)_CoA.pdf,78871
MAV-0010,COA,MAV-0010_Vita 11 TS (C)_Composition sheet.pdf,d:\(주)에바스코스메틱 Dropbox\JI SEULKI\claude\@ongoing_LAB doc\200_연구실 문서 샘플\250930_COA (원료업체)\MAV-0010_Vita 11 TS (C)_Composition sheet.pdf,52560
MAV-0010,COA,MAV-0010_Vita 11 TS (C)_SPEC.pdf,d:\(주)에바스코스메틱 Dropbox\JI SEULKI\claude\@ongoing_LAB doc\200_연구실 문서 샘플\250930_COA (원료업체)\MAV-0010_Vita 11 TS (C)_SPEC.pdf,52300
MAV-0011,COA,MAV-0011_Vitamin B12 cryst_COA.pdf,d:\(주)에바스코스메틱 Dropbox\JI SEULKI\claude\@ongoing_LAB doc\200_연구실 문서 샘플\250930_COA (원료업체)\MAV-0011_Vitamin B12 cryst_COA.pdf,78209
MAY-0003,COA,MAY-0003_윤부용 (Yoon Bu Yong).pdf,d:\(주)에바스코스메틱 Dropbox\JI SEULKI\claude\@ongoing_LAB doc\200_연구실 문서 샘플\250930_COA (원료업체)\MAY-0003_윤부용 (Yoon Bu Yong).pdf,420476
MAY-0003,COA,MAY-0003_윤부용((Yoon Bu Yong)_COA.pdf,d:\(주)에바스코스메틱 Dropbox\JI SEULKI\claude\@ongoing_LAB doc\200_연구실 문서 샘플\250930_COA (원료업체)\MAY-0003_윤부용((Yoon Bu Yong)_COA.pdf,97884
MAY-0005,COA,MAY-0005_산다화추출물(동백꽃추출물).pdf,d:\(주)에바스코스메틱 Dropbox\JI SEULKI\claude\@ongoing_LAB doc\200_연구실 문서 샘플\250930_COA (원료업체)\MAY-0005_산다화추출물(동백꽃추출물).pdf,817931
MAY-0005,COA,MAY-0005_산다화추출물_영문 COA.pdf,d:\(주)에바스코스메틱 Dropbox\JI SEULKI\claude\@ongoing_LAB doc\200_연구실 문서 샘플\250930_COA (원료업체)\MAY-0005_산다화추출물_영문 COA.pdf,420656
MAY-0007,COA,MAY-0007_약쑥추출물.pdf,d:\(주)에바스코스메틱 Dropbox\JI SEULKI\claude\@ongoing_LAB doc\200_연구실 문서 샘플\250930_COA (원료업체)\MAY-0007_약쑥추출물.pdf,900567
MAY-0007,COA,MAY-0007_약쑥추출물_COA.pdf,d:\(주)에바스코스메틱 Dropbox\JI SEULKI\claude\@ongoing_LAB doc\200_연구실 문서 샘플\250930_COA (원료업체)\MAY-0007_약쑥추출물_COA.pdf,345449
MAY-0007,COA,MAY-0007_약쑥추출물_영문COA.pdf,d:\(주)에바스코스메틱 Dropbox\JI SEULKI\claude\@ongoing_LAB doc\200_연구실 문서 샘플\250930_COA (원료업체)\MAY-0007_약쑥추출물_영문COA.pdf,418193
MAY-0010,COA,MAY-0010_Heartleaf Houttuynia Extract-PF_COA(ENG).pdf,d:\(주)에바스코스메틱 Dropbox\JI SEULKI\claude\@ongoing_LAB doc\200_연구실 문서 샘플\250930_COA (원료업체)\MAY-0010_Heartleaf Houttuynia Extract-PF_COA(ENG).pdf,63463
MAY-0011,COA,MAY-0011_YNC 1113-GnB-COA.pdf,d:\(주)에바스코스메틱 Dropbox\JI SEULKI\claude\@ongoing_LAB doc\200_연구실 문서 샘플\250930_COA (원료업체)\MAY-0011_YNC 1113-GnB-COA.pdf,248964
MAA-0001,성분비,MAA-0001_Allantoin-Composition Sheet.pdf,d:\(주)에바스코스메틱 Dropbox\JI SEULKI\claude\@ongoing_LAB doc\200_연구실 문서 샘플\250930_성분비자료 (원료업체)\MAA-0001_Allantoin-Composition Sheet.pdf,254389
MAA-0002,성분비,MAA-0002_알로에베라추출물(BG)_제품성분비자료.pdf,d:\(주)에바스코스메틱 Dropbox\JI SEULKI\claude\@ongoing_LAB doc\200_연구실 문서 샘플\250930_성분비자료 (원료업체)\MAA-0002_알로에베라추출물(BG)_제품성분비자료.pdf,83844
MAA-0017,성분비,MAA-0017_Composition Statement_Beta Arbutin.pdf,d:\(주)에바스코스메틱 Dropbox\JI SEULKI\claude\@ongoing_LAB doc\200_연구실 문서 샘플\250930_성분비자료 (원료업체)\MAA-0017_Composition Statement_Beta Arbutin.pdf,1838257
MAA-0021,성분비,MAA-0021_Adenosine.pdf,d:\(주)에바스코스메틱 Dropbox\JI SEULKI\claude\@ongoing_LAB doc\200_연구실 문서 샘플\250930_성분비자료 (원료업체)\MAA-0021_Adenosine.pdf,110394
MAA-0024,성분비,MAA-0024_아카시아추출물-NP_국문 성분비.pdf,d:\(주)에바스코스메틱 Dropbox\JI SEULKI\claude\@ongoing_LAB doc\200_연구실 문서 샘플\250930_성분비자료 (원료업체)\MAA-0024_아카시아추출물-NP_국문 성분비.pdf,334323
MAA-0025,성분비,MAA-0025_은행나무잎추출물_제품성분비_(주)즐거운회사.pdf,d:\(주)에바스코스메틱 Dropbox\JI SEULKI\claude\@ongoing_LAB doc\200_연구실 문서 샘플\250930_성분비자료 (원료업체)\MAA-0025_은행나무잎추출물_제품성분비_(주)즐거운회사.pdf,71166
MAA-0026,성분비,MAA-0026_레몬밤 추출물(LMB-NP)_성분비14_수정140402.pdf,d:\(주)에바스코스메틱 Dropbox\JI SEULKI\claude\@ongoing_LAB doc\200_연구실 문서 샘플\250930_성분비자료 (원료업체)\MAA-0026_레몬밤 추출물(LMB-NP)_성분비14_수정140402.pdf,133496
MAA-0026,성분비,MAA-0026_레몬밤추출물_영문 성분비.pdf,d:\(주)에바스코스메틱 Dropbox\JI SEULKI\claude\@ongoing_LAB doc\200_연구실 문서 샘플\250930_성분비자료 (원료업체)\MAA-0026_레몬밤추출물_영문 성분비.pdf,471201
MAA-0027,성분비,MAA-0027_아보카도추출물(무방부)_국문 성분비_T1R0.pdf,d:\(주)에바스코스메틱 Dropbox\JI SEULKI\claude\@ongoing_LAB doc\200_연구실 문서 샘플\250930_성분비자료 (원료업체)\MAA-0027_아보카도추출물(무방부)_국문 성분비_T1R0.pdf,148765
MAA-0028,성분비,MAA-0028_AZURE 3 Complex_성분비_T0R0.pdf,d:\(주)에바스코스메틱 Dropbox\JI SEULKI\claude\@ongoing_LAB doc\200_연구실 문서 샘플\250930_성분비자료 (원료업체)\MAA-0028_AZURE 3 Complex_성분비_T0R0.pdf,345529
MAA-0028,성분비,MAA-0028_Azure 3 Complex_영문 성분비.pdf,d:\(주)에바스코스메틱 Dropbox\JI SEULKI\claude\@ongoing_LAB doc\200_연구실 문서 샘플\250930_성분비자료 (원료업체)\MAA-0028_Azure 3 Complex_영문 성분비.pdf,280590
MAA-0028,성분비,MAA-0028_Azure 3 Complex_영문 제조확인서_T0R0_과산화물가.pdf,d:\(주)에바스코스메틱 Dropbox\JI SEULKI\claude\@ongoing_LAB doc\200_연구실 문서 샘플\250930_성분비자료 (원료업체)\MAA-0028_Azure 3 Complex_영문 제조확인서_T0R0_과산화물가.pdf,254001
MAA-0028,성분비,MAA-0028_첨부2_AZURE 3 Complex_성분비.pdf,d:\(주)에바스코스메틱 Dropbox\JI SEULKI\claude\@ongoing_LAB doc\200_연구실 문서 샘플\250930_성분비자료 (원료업체)\MAA-0028_첨부2_AZURE 3 Complex_성분비.pdf,345529
MAA-0030,성분비,MAA-0030_안젤리카추출물_국문 성분비_T1R0.pdf,d:\(주)에바스코스메틱 Dropbox\JI SEULKI\claude\@ongoing_LAB doc\200_연구실 문서 샘플\250930_성분비자료 (원료업체)\MAA-0030_안젤리카추출물_국문 성분비_T1R0.pdf,333050
MAA-0031,성분비,MAA-0031 사과추출물-PF_제품성분비_(주)즐거운회사 (1).pdf,d:\(주)에바스코스메틱 Dropbox\JI SEULKI\claude\@ongoing_LAB doc\200_연구실 문서 샘플\250930_성분비자료 (원료업체)\MAA-0031 사과추출물-PF_제품성분비_(주)즐거운회사 (1).pdf,83946
MAA-0032,성분비,MAA-0032_아로니아열매추출물 H_조성비자료.pdf,d:\(주)에바스코스메틱 Dropbox\JI SEULKI\claude\@ongoing_LAB doc\200_연구실 문서 샘플\250930_성분비자료 (원료업체)\MAA-0032_아로니아열매추출물 H_조성비자료.pdf,84285
MAA-0034,성분비,MAA-0034_은행나무잎추출물_제품성분비.pdf,d:\(주)에바스코스메틱 Dropbox\JI SEULKI\claude\@ongoing_LAB doc\200_연구실 문서 샘플\250930_성분비자료 (원료업체)\MAA-0034_은행나무잎추출물_제품성분비.pdf,71166
MAA-0035,성분비,MAA-0035_Amino Acid Solution_영문 성분비.pdf,d:\(주)에바스코스메틱 Dropbox\JI SEULKI\claude\@ongoing_LAB doc\200_연구실 문서 샘플\250930_성분비자료 (원료업체)\MAA-0035_Amino Acid Solution_영문 성분비.pdf,476012
MAA-0037,성분비,MAA-0037_아티초크잎추출물-PF_제품성분비.pdf,d:\(주)에바스코스메틱 Dropbox\JI SEULKI\claude\@ongoing_LAB doc\200_연구실 문서 샘플\250930_성분비자료 (원료업체)\MAA-0037_아티초크잎추출물-PF_제품성분비.pdf,64765
MAA-0038,성분비,MAA-0038_Houttuynia Cordata Extract-HD_제품성분비(ENG).pdf,d:\(주)에바스코스메틱 Dropbox\JI SEULKI\claude\@ongoing_LAB doc\200_연구실 문서 샘플\250930_성분비자료 (원료업체)\MAA-0038_Houttuynia Cordata Extract-HD_제품성분비(ENG).pdf,59777
MAA-0039,성분비,MAA-0039_아텔로콜라겐솔루션(0.1%)_국문 성분비_T1R0.pdf,d:\(주)에바스코스메틱 Dropbox\JI SEULKI\claude\@ongoing_LAB doc\200_연구실 문서 샘플\250930_성분비자료 (원료업체)\MAA-0039_아텔로콜라겐솔루션(0.1%)_국문 성분비_T1R0.pdf,332658
MAA-0039,성분비,MAA-0039_아텔로콜라겐솔루션(0.1_)_영문 성분비.pdf,d:\(주)에바스코스메틱 Dropbox\JI SEULKI\claude\@ongoing_LAB doc\200_연구실 문서 샘플\250930_성분비자료 (원료업체)\MAA-0039_아텔로콜라겐솔루션(0.1_)_영문 성분비.pdf,475604
MAB-0009,성분비,MAB-0009_블랙커민씨추출물_영문성분비_T0R1.pdf,d:\(주)에바스코스메틱 Dropbox\JI SEULKI\claude\@ongoing_LAB doc\200_연구실 문서 샘플\250930_성분비자료 (원료업체)\MAB-0009_블랙커민씨추출물_영문성분비_T0R1.pdf,360069
MAB-0010,성분비,MAB-0010_바오밥나무추출물_국문 성분비_T1R0.pdf,d:\(주)에바스코스메틱 Dropbox\JI SEULKI\claude\@ongoing_LAB doc\200_연구실 문서 샘플\250930_성분비자료 (원료업체)\MAB-0010_바오밥나무추출물_국문 성분비_T1R0.pdf,332687
MAB-0012,성분비,MAB-0012_Byungpul Extract_제품성분비(ENG).pdf,d:\(주)에바스코스메틱 Dropbox\JI SEULKI\claude\@ongoing_LAB doc\200_연구실 문서 샘플\250930_성분비자료 (원료업체)\MAB-0012_Byungpul Extract_제품성분비(ENG).pdf,59793
MAB-0012,성분비,MAB-0012_병풀추출물_제품성분비_(주)즐거운회사.pdf,d:\(주)에바스코스메틱 Dropbox\JI SEULKI\claude\@ongoing_LAB doc\200_연구실 문서 샘플\250930_성분비자료 (원료업체)\MAB-0012_병풀추출물_제품성분비_(주)즐거운회사.pdf,70030
MAB-0013,성분비,MAB-0013_Byungpul Extract-Ev_제품성분비_(주)즐거운회사.pdf,d:\(주)에바스코스메틱 Dropbox\JI SEULKI\claude\@ongoing_LAB doc\200_연구실 문서 샘플\250930_성분비자료 (원료업체)\MAB-0013_Byungpul Extract-Ev_제품성분비_(주)즐거운회사.pdf,69266
MAB-0014,성분비,MAB-0014_Blue Complex H_성분비자료.pdf,d:\(주)에바스코스메틱 Dropbox\JI SEULKI\claude\@ongoing_LAB doc\200_연구실 문서 샘플\250930_성분비자료 (원료업체)\MAB-0014_Blue Complex H_성분비자료.pdf,88917
MAB-0015,성분비,MAB-0015_푸른연꽃추출물-PF_제품성분비.pdf,d:\(주)에바스코스메틱 Dropbox\JI SEULKI\claude\@ongoing_LAB doc\200_연구실 문서 샘플\250930_성분비자료 (원료업체)\MAB-0015_푸른연꽃추출물-PF_제품성분비.pdf,71627
MAB-0015,성분비,MAB-0015_푸른연꽃추출물-PF_제품성분비_(주)즐거운회사.pdf,d:\(주)에바스코스메틱 Dropbox\JI SEULKI\claude\@ongoing_LAB doc\200_연구실 문서 샘플\250930_성분비자료 (원료업체)\MAB-0015_푸른연꽃추출물-PF_제품성분비_(주)즐거운회사.pdf,88357
MAB-0016,성분비,MAB-0016_Bifida Ferment Extract-HD_제품성분비(ENG).pdf,d:\(주)에바스코스메틱 Dropbox\JI SEULKI\claude\@ongoing_LAB doc\200_연구실 문서 샘플\250930_성분비자료 (원료업체)\MAB-0016_Bifida Ferment Extract-HD_제품성분비(ENG).pdf,59856
MAB-0016,성분비,MAB-0016_비피다발효추출물-HD_제품성분비_(주)즐거운회사.pdf,d:\(주)에바스코스메틱 Dropbox\JI SEULKI\claude\@ongoing_LAB doc\200_연구실 문서 샘플\250930_성분비자료 (원료업체)\MAB-0016_비피다발효추출물-HD_제품성분비_(주)즐거운회사.pdf,69700
MAB-0017,성분비,MAB-0017_D-BIOTIN.pdf,d:\(주)에바스코스메틱 Dropbox\JI SEULKI\claude\@ongoing_LAB doc\200_연구실 문서 샘플\250930_성분비자료 (원료업체)\MAB-0017_D-BIOTIN.pdf,83374
MAB-0018,성분비,MAB-0018_BioDToX_성분비자료.pdf,d:\(주)에바스코스메틱 Dropbox\JI SEULKI\claude\@ongoing_LAB doc\200_연구실 문서 샘플\250930_성분비자료 (원료업체)\MAB-0018_BioDToX_성분비자료.pdf,180190
MAB-0019,성분비,MAB-0019_Brillian-MB218_조성비.pdf,d:\(주)에바스코스메틱 Dropbox\JI SEULKI\claude\@ongoing_LAB doc\200_연구실 문서 샘플\250930_성분비자료 (원료업체)\MAB-0019_Brillian-MB218_조성비.pdf,63472
MAC-0001,성분비,MAC-0001_카모마일추출물(MSDS).pdf,d:\(주)에바스코스메틱 Dropbox\JI SEULKI\claude\@ongoing_LAB doc\200_연구실 문서 샘플\250930_성분비자료 (원료업체)\MAC-0001_카모마일추출물(MSDS).pdf,121440
MAC-0001,성분비,MAC-0001_캐모마일꽃추출물_제품성분비.pdf,d:\(주)에바스코스메틱 Dropbox\JI SEULKI\claude\@ongoing_LAB doc\200_연구실 문서 샘플\250930_성분비자료 (원료업체)\MAC-0001_캐모마일꽃추출물_제품성분비.pdf,64370
MAC-0001,성분비,MAC-0001_캐모마일꽃추출물_제품성분비_(주)즐거운회사.pdf,d:\(주)에바스코스메틱 Dropbox\JI SEULKI\claude\@ongoing_LAB doc\200_연구실 문서 샘플\250930_성분비자료 (원료업체)\MAC-0001_캐모마일꽃추출물_제품성분비_(주)즐거운회사.pdf,88744
MAC-0018,성분비,MAC-0018_Ceramide Y3O.pdf,d:\(주)에바스코스메틱 Dropbox\JI SEULKI\claude\@ongoing_LAB doc\200_연구실 문서 샘플\250930_성분비자료 (원료업체)\MAC-0018_Ceramide Y3O.pdf,129018
MAC-0032,성분비,MAC-0032_Coral Water_영문MSDS.pdf,d:\(주)에바스코스메틱 Dropbox\JI SEULKI\claude\@ongoing_LAB doc\200_연구실 문서 샘플\250930_성분비자료 (원료업체)\MAC-0032_Coral Water_영문MSDS.pdf,91339
MAC-0035,성분비,MAC-0035_체리추출물_영문성분비_T0R1.pdf,d:\(주)에바스코스메틱 Dropbox\JI SEULKI\claude\@ongoing_LAB doc\200_연구실 문서 샘플\250930_성분비자료 (원료업체)\MAC-0035_체리추출물_영문성분비_T0R1.pdf,286745
MAC-0038,성분비,MAC-0038_크랜베리추출물_국문성분비_T1R0.pdf,d:\(주)에바스코스메틱 Dropbox\JI SEULKI\claude\@ongoing_LAB doc\200_연구실 문서 샘플\250930_성분비자료 (원료업체)\MAC-0038_크랜베리추출물_국문성분비_T1R0.pdf,332745
MAC-0039,성분비,MAC-0039_컴프리잎추출물-SP_국문 성분비_T1R0.pdf,d:\(주)에바스코스메틱 Dropbox\JI SEULKI\claude\@ongoing_LAB doc\200_연구실 문서 샘플\250930_성분비자료 (원료업체)\MAC-0039_컴프리잎추출물-SP_국문 성분비_T1R0.pdf,332430
MAC-0040,성분비,MAC-0040_Centella Asiatica Extract_성분비자료.pdf,d:\(주)에바스코스메틱 Dropbox\JI SEULKI\claude\@ongoing_LAB doc\200_연구실 문서 샘플\250930_성분비자료 (원료업체)\MAC-0040_Centella Asiatica Extract_성분비자료.pdf,528914
MAC-0041,성분비,MAC-0041_Composition_CapColors CV-WSS.pdf,d:\(주)에바스코스메틱 Dropbox\JI SEULKI\claude\@ongoing_LAB doc\200_연구실 문서 샘플\250930_성분비자료 (원료업체)\MAC-0041_Composition_CapColors CV-WSS.pdf,89696
MAC-0042,성분비,MAC-0042_캐나다빙하수(HD)-GnB-조성비-에바스코스메틱(수출용) (2).pdf,d:\(주)에바스코스메틱 Dropbox\JI SEULKI\claude\@ongoing_LAB doc\200_연구실 문서 샘플\250930_성분비자료 (원료업체)\MAC-0042_캐나다빙하수(HD)-GnB-조성비-에바스코스메틱(수출용) (2).pdf,167402
MAC-0043,성분비,MAC-0043_7 Collagen Complex composition.pdf,d:\(주)에바스코스메틱 Dropbox\JI SEULKI\claude\@ongoing_LAB doc\200_연구실 문서 샘플\250930_성분비자료 (원료업체)\MAC-0043_7 Collagen Complex composition.pdf,96891
MAC-0044,성분비,MAC-0044_칼라민파우더_Composition.pdf,d:\(주)에바스코스메틱 Dropbox\JI SEULKI\claude\@ongoing_LAB doc\200_연구실 문서 샘플\250930_성분비자료 (원료업체)\MAC-0044_칼라민파우더_Composition.pdf,109878
MAC-0045,성분비,MAC-0045_CHOLESTEROL JP_조성비.pdf,d:\(주)에바스코스메틱 Dropbox\JI SEULKI\claude\@ongoing_LAB doc\200_연구실 문서 샘플\250930_성분비자료 (원료업체)\MAC-0045_CHOLESTEROL JP_조성비.pdf,235782
MAD-0002,성분비,MAD-0002_LICO DPG - COMPOSITION LIST(영문).pdf,d:\(주)에바스코스메틱 Dropbox\JI SEULKI\claude\@ongoing_LAB doc\200_연구실 문서 샘플\250930_성분비자료 (원료업체)\MAD-0002_LICO DPG - COMPOSITION LIST(영문).pdf,153078
MAD-0011,성분비,MAD-0011_감나무잎추출물-PF_제품성분비.pdf,d:\(주)에바스코스메틱 Dropbox\JI SEULKI\claude\@ongoing_LAB doc\200_연구실 문서 샘플\250930_성분비자료 (원료업체)\MAD-0011_감나무잎추출물-PF_제품성분비.pdf,71168
MAD-0012,성분비,MAD-0012_당호박추출물-PF_제품성분비.pdf,d:\(주)에바스코스메틱 Dropbox\JI SEULKI\claude\@ongoing_LAB doc\200_연구실 문서 샘플\250930_성분비자료 (원료업체)\MAD-0012_당호박추출물-PF_제품성분비.pdf,70612
MAD-0013,성분비,MAD-0013 두송열매추출물-PF_제품성분비_(주)즐거운회사 (1).pdf,d:\(주)에바스코스메틱 Dropbox\JI SEULKI\claude\@ongoing_LAB doc\200_연구실 문서 샘플\250930_성분비자료 (원료업체)\MAD-0013 두송열매추출물-PF_제품성분비_(주)즐거운회사 (1).pdf,84206
MAD-0014,성분비,MAD-0014_바다포도추출물_제품성분비.pdf,d:\(주)에바스코스메틱 Dropbox\JI SEULKI\claude\@ongoing_LAB doc\200_연구실 문서 샘플\250930_성분비자료 (원료업체)\MAD-0014_바다포도추출물_제품성분비.pdf,96062
MAD-0015,성분비,MAD-0015_Dextrose anhydrous 98_조성비.pdf,d:\(주)에바스코스메틱 Dropbox\JI SEULKI\claude\@ongoing_LAB doc\200_연구실 문서 샘플\250930_성분비자료 (원료업체)\MAD-0015_Dextrose anhydrous 98_조성비.pdf,60338
MAE-0013,성분비,MAE-0013_Evas Herb Complex(HD)_영문성분비.pdf,d:\(주)에바스코스메틱 Dropbox\JI SEULKI\claude\@ongoing_LAB doc\200_연구실 문서 샘플\250930_성분비자료 (원료업체)\MAE-0013_Evas Herb Complex(HD)_영문성분비.pdf,116621
MAE-0013,성분비,MAE-0013_EVAS Herb Complex_조성비자료.pdf,d:\(주)에바스코스메틱 Dropbox\JI SEULKI\claude\@ongoing_LAB doc\200_연구실 문서 샘플\250930_성분비자료 (원료업체)\MAE-0013_EVAS Herb Complex_조성비자료.pdf,42931
MAE-0014,성분비,MAE-0014_BIO-EGF 10 H Composition.pdf,d:\(주)에바스코스메틱 Dropbox\JI SEULKI\claude\@ongoing_LAB doc\200_연구실 문서 샘플\250930_성분비자료 (원료업체)\MAE-0014_BIO-EGF 10 H Composition.pdf,93586
MAE-0014,성분비,MAE-0014_EGF-L10_영문_성분비.pdf,d:\(주)에바스코스메틱 Dropbox\JI SEULKI\claude\@ongoing_LAB doc\200_연구실 문서 샘플\250930_성분비자료 (원료업체)\MAE-0014_EGF-L10_영문_성분비.pdf,116660
MAE-0015,성분비,MAE-0015_에바스-Pro Complex_국문 성분비_T1R0.pdf,d:\(주)에바스코스메틱 Dropbox\JI SEULKI\claude\@ongoing_LAB doc\200_연구실 문서 샘플\250930_성분비자료 (원료업체)\MAE-0015_에바스-Pro Complex_국문 성분비_T1R0.pdf,334239
MAE-0016,성분비,MAE-0016_유칼립투스추출물_국문 성분비_T1R0.pdf,d:\(주)에바스코스메틱 Dropbox\JI SEULKI\claude\@ongoing_LAB doc\200_연구실 문서 샘플\250930_성분비자료 (원료업체)\MAE-0016_유칼립투스추출물_국문 성분비_T1R0.pdf,333727
MAE-0016,성분비,MAE-0016_유칼립투스추출물_영문 성분비.pdf,d:\(주)에바스코스메틱 Dropbox\JI SEULKI\claude\@ongoing_LAB doc\200_연구실 문서 샘플\250930_성분비자료 (원료업체)\MAE-0016_유칼립투스추출물_영문 성분비.pdf,475061
MAE-0017,성분비,MAE-0017_에델바이스추출물-SP_국문 성분비_T1R0.pdf,d:\(주)에바스코스메틱 Dropbox\JI SEULKI\claude\@ongoing_LAB doc\200_연구실 문서 샘플\250930_성분비자료 (원료업체)\MAE-0017_에델바이스추출물-SP_국문 성분비_T1R0.pdf,331828
MAE-0018,성분비,MAE-0018_ELASTIN H-HD_제품성분비(ENG).pdf,d:\(주)에바스코스메틱 Dropbox\JI SEULKI\claude\@ongoing_LAB doc\200_연구실 문서 샘플\250930_성분비자료 (원료업체)\MAE-0018_ELASTIN H-HD_제품성분비(ENG).pdf,59809
MAE-0019,성분비,MAE-0019_SpecBio Ectoine_조성비.pdf,d:\(주)에바스코스메틱 Dropbox\JI SEULKI\claude\@ongoing_LAB doc\200_연구실 문서 샘플\250930_성분비자료 (원료업체)\MAE-0019_SpecBio Ectoine_조성비.pdf,239929
MAE-0020,성분비,MAE-0020_EVAS Anti-odor Complex_제품성분비_(주)즐거운회사.pdf,d:\(주)에바스코스메틱 Dropbox\JI SEULKI\claude\@ongoing_LAB doc\200_연구실 문서 샘플\250930_성분비자료 (원료업체)\MAE-0020_EVAS Anti-odor Complex_제품성분비_(주)즐거운회사.pdf,74362
MAF-0006,성분비,MAF-0006_Fresh Green Bud(무방부)_국문추출부위확인서_T0R0.pdf,d:\(주)에바스코스메틱 Dropbox\JI SEULKI\claude\@ongoing_LAB doc\200_연구실 문서 샘플\250930_성분비자료 (원료업체)\MAF-0006_Fresh Green Bud(무방부)_국문추출부위확인서_T0R0.pdf,135676
MAF-0006,성분비,MAF-0006_Fresh Green Bud(무방부)_영문 성분비.pdf,d:\(주)에바스코스메틱 Dropbox\JI SEULKI\claude\@ongoing_LAB doc\200_연구실 문서 샘플\250930_성분비자료 (원료업체)\MAF-0006_Fresh Green Bud(무방부)_영문 성분비.pdf,454813
MAF-0006,성분비,MAF-0006_첨부6_Fresh Green Bud_성분비.pdf,d:\(주)에바스코스메틱 Dropbox\JI SEULKI\claude\@ongoing_LAB doc\200_연구실 문서 샘플\250930_성분비자료 (원료업체)\MAF-0006_첨부6_Fresh Green Bud_성분비.pdf,342366
MAF-0008,성분비,MAF-0008_Fruitmax Brown 900 WS.pdf,d:\(주)에바스코스메틱 Dropbox\JI SEULKI\claude\@ongoing_LAB doc\200_연구실 문서 샘플\250930_성분비자료 (원료업체)\MAF-0008_Fruitmax Brown 900 WS.pdf,298124
MAG-0007,성분비,MAG-0007_GLUADIN W 40_조성비지료.pdf,d:\(주)에바스코스메틱 Dropbox\JI SEULKI\claude\@ongoing_LAB doc\200_연구실 문서 샘플\250930_성분비자료 (원료업체)\MAG-0007_GLUADIN W 40_조성비지료.pdf,43335
MAG-0007,성분비,MAG-0007_HIZ Wheat Protein_제품성분비_(주)즐거운회사.pdf,d:\(주)에바스코스메틱 Dropbox\JI SEULKI\claude\@ongoing_LAB doc\200_연구실 문서 샘플\250930_성분비자료 (원료업체)\MAG-0007_HIZ Wheat Protein_제품성분비_(주)즐거운회사.pdf,71237
MAG-0009,성분비,MAG-0009_Green Tea Ext_제품성분비(ENG).pdf,d:\(주)에바스코스메틱 Dropbox\JI SEULKI\claude\@ongoing_LAB doc\200_연구실 문서 샘플\250930_성분비자료 (원료업체)\MAG-0009_Green Tea Ext_제품성분비(ENG).pdf,60064
MAG-0009,성분비,MAG-0009_Green Tea Ext_제품성분비_(주)즐거운회사.pdf,d:\(주)에바스코스메틱 Dropbox\JI SEULKI\claude\@ongoing_LAB doc\200_연구실 문서 샘플\250930_성분비자료 (원료업체)\MAG-0009_Green Tea Ext_제품성분비_(주)즐거운회사.pdf,88663
MAG-0009,성분비,MAG-0009_Green Tea Ext_제품성분비_수출.pdf,d:\(주)에바스코스메틱 Dropbox\JI SEULKI\claude\@ongoing_LAB doc\200_연구실 문서 샘플\250930_성분비자료 (원료업체)\MAG-0009_Green Tea Ext_제품성분비_수출.pdf,100340
MAG-0012,성분비,MAG-0012 자몽추출물-PF_제품성분비_(주)즐거운회사.pdf,d:\(주)에바스코스메틱 Dropbox\JI SEULKI\claude\@ongoing_LAB doc\200_연구실 문서 샘플\250930_성분비자료 (원료업체)\MAG-0012 자몽추출물-PF_제품성분비_(주)즐거운회사.pdf,108584
MAG-0012,성분비,MAG-0012 자몽추출물-PF_제품성분비_수출.pdf,d:\(주)에바스코스메틱 Dropbox\JI SEULKI\claude\@ongoing_LAB doc\200_연구실 문서 샘플\250930_성분비자료 (원료업체)\MAG-0012 자몽추출물-PF_제품성분비_수출.pdf,103010
MAG-0012,성분비,MAG-0012_Grapefruit Extract MSDS.pdf,d:\(주)에바스코스메틱 Dropbox\JI SEULKI\claude\@ongoing_LAB doc\200_연구실 문서 샘플\250930_성분비자료 (원료업체)\MAG-0012_Grapefruit Extract MSDS.pdf,48747
MAG-0021,성분비,MAG-0021_갈락토미세스발효여과물_국문 성분비_T1R0.pdf,d:\(주)에바스코스메틱 Dropbox\JI SEULKI\claude\@ongoing_LAB doc\200_연구실 문서 샘플\250930_성분비자료 (원료업체)\MAG-0021_갈락토미세스발효여과물_국문 성분비_T1R0.pdf,331015
MAG-0021,성분비,MAG-0021_갈락토미세스발효여과물_영문 성분비.pdf,d:\(주)에바스코스메틱 Dropbox\JI SEULKI\claude\@ongoing_LAB doc\200_연구실 문서 샘플\250930_성분비자료 (원료업체)\MAG-0021_갈락토미세스발효여과물_영문 성분비.pdf,119834
MAG-0022,성분비,MAG-0022_포도추출물_국문 성분비_T1R0.pdf,d:\(주)에바스코스메틱 Dropbox\JI SEULKI\claude\@ongoing_LAB doc\200_연구실 문서 샘플\250930_성분비자료 (원료업체)\MAG-0022_포도추출물_국문 성분비_T1R0.pdf,147452
MAG-0024,성분비,MAG-0024_감귤추출물-PF_제품성분비.pdf,d:\(주)에바스코스메틱 Dropbox\JI SEULKI\claude\@ongoing_LAB doc\200_연구실 문서 샘플\250930_성분비자료 (원료업체)\MAG-0024_감귤추출물-PF_제품성분비.pdf,61199
MAG-0025,성분비,MAG-0025_고수추출물_국문 성분비_T1R0.pdf,d:\(주)에바스코스메틱 Dropbox\JI SEULKI\claude\@ongoing_LAB doc\200_연구실 문서 샘플\250930_성분비자료 (원료업체)\MAG-0025_고수추출물_국문 성분비_T1R0.pdf,331356
MAG-0026,성분비,MAG-0026_검정콩추출물_제품성분비_(주)즐거운회사.pdf,d:\(주)에바스코스메틱 Dropbox\JI SEULKI\claude\@ongoing_LAB doc\200_연구실 문서 샘플\250930_성분비자료 (원료업체)\MAG-0026_검정콩추출물_제품성분비_(주)즐거운회사.pdf,87611
MAG-0027,성분비,MAG-0027_L-Glutathione_영문성분비.pdf,d:\(주)에바스코스메틱 Dropbox\JI SEULKI\claude\@ongoing_LAB doc\200_연구실 문서 샘플\250930_성분비자료 (원료업체)\MAG-0027_L-Glutathione_영문성분비.pdf,48469
MAG-0028,성분비,MAG-0028_green tea pwd gb 3000_en composition sheet_gn bio.pdf,d:\(주)에바스코스메틱 Dropbox\JI SEULKI\claude\@ongoing_LAB doc\200_연구실 문서 샘플\250930_성분비자료 (원료업체)\MAG-0028_green tea pwd gb 3000_en composition sheet_gn bio.pdf,372447
MAG-0029,성분비,MAG-0029_가르시니아열매추출물-PF_제품성분비_(주)즐거운회사.pdf,d:\(주)에바스코스메틱 Dropbox\JI SEULKI\claude\@ongoing_LAB doc\200_연구실 문서 샘플\250930_성분비자료 (원료업체)\MAG-0029_가르시니아열매추출물-PF_제품성분비_(주)즐거운회사.pdf,71569
MAG-0030,성분비,MAG-0030_금사연둥지추출물_제품성분비_(주)즐거운회사.pdf,d:\(주)에바스코스메틱 Dropbox\JI SEULKI\claude\@ongoing_LAB doc\200_연구실 문서 샘플\250930_성분비자료 (원료업체)\MAG-0030_금사연둥지추출물_제품성분비_(주)즐거운회사.pdf,64278
MAG-0031,성분비,MAG-0031_Green-WS-P High_성분비.pdf,d:\(주)에바스코스메틱 Dropbox\JI SEULKI\claude\@ongoing_LAB doc\200_연구실 문서 샘플\250930_성분비자료 (원료업체)\MAG-0031_Green-WS-P High_성분비.pdf,366558
MAG-0032,성분비,MAG-0032_ Ginsenosides Solution_조성비.pdf,d:\(주)에바스코스메틱 Dropbox\JI SEULKI\claude\@ongoing_LAB doc\200_연구실 문서 샘플\250930_성분비자료 (원료업체)\MAG-0032_ Ginsenosides Solution_조성비.pdf,79375
MAG-0033,성분비,MAG-0033_Ginsenoside Exosome #9_조성비.pdf,d:\(주)에바스코스메틱 Dropbox\JI SEULKI\claude\@ongoing_LAB doc\200_연구실 문서 샘플\250930_성분비자료 (원료업체)\MAG-0033_Ginsenoside Exosome #9_조성비.pdf,77100
MAH-0001,성분비,MAH-0001_위치하젤추출물_국문 성분비_T1R0.pdf,d:\(주)에바스코스메틱 Dropbox\JI SEULKI\claude\@ongoing_LAB doc\200_연구실 문서 샘플\250930_성분비자료 (원료업체)\MAH-0001_위치하젤추출물_국문 성분비_T1R0.pdf,333740
MAH-0006,성분비,MAH-0006_로즈마리추출물_제품성분비.pdf,d:\(주)에바스코스메틱 Dropbox\JI SEULKI\claude\@ongoing_LAB doc\200_연구실 문서 샘플\250930_성분비자료 (원료업체)\MAH-0006_로즈마리추출물_제품성분비.pdf,70584
MAH-0011,성분비,MAH-0011_Composition_Ivy Ext(EN).pdf,d:\(주)에바스코스메틱 Dropbox\JI SEULKI\claude\@ongoing_LAB doc\200_연구실 문서 샘플\250930_성분비자료 (원료업체)\MAH-0011_Composition_Ivy Ext(EN).pdf,85780
MAH-0011,성분비,MAH-0011_Ivy Ext._조성비.pdf,d:\(주)에바스코스메틱 Dropbox\JI SEULKI\claude\@ongoing_LAB doc\200_연구실 문서 샘플\250930_성분비자료 (원료업체)\MAH-0011_Ivy Ext._조성비.pdf,153841
MAH-0018,성분비,MAH-0018_꿀추출물_중국수출용성분비_T0R0.pdf,d:\(주)에바스코스메틱 Dropbox\JI SEULKI\claude\@ongoing_LAB doc\200_연구실 문서 샘플\250930_성분비자료 (원료업체)\MAH-0018_꿀추출물_중국수출용성분비_T0R0.pdf,94913
MAH-0020,성분비,MAH-0020_첨부4_해당화뿌리추출물_성분비.pdf,d:\(주)에바스코스메틱 Dropbox\JI SEULKI\claude\@ongoing_LAB doc\200_연구실 문서 샘플\250930_성분비자료 (원료업체)\MAH-0020_첨부4_해당화뿌리추출물_성분비.pdf,332994
MAH-0020,성분비,MAH-0020_해당화뿌리추출물_영문 성분비_T0R0.pdf,d:\(주)에바스코스메틱 Dropbox\JI SEULKI\claude\@ongoing_LAB doc\200_연구실 문서 샘플\250930_성분비자료 (원료업체)\MAH-0020_해당화뿌리추출물_영문 성분비_T0R0.pdf,358935
MAH-0021,성분비,MAH-0021_스웨덴홍차추출물(HD)_성분비.pdf,d:\(주)에바스코스메틱 Dropbox\JI SEULKI\claude\@ongoing_LAB doc\200_연구실 문서 샘플\250930_성분비자료 (원료업체)\MAH-0021_스웨덴홍차추출물(HD)_성분비.pdf,324288
MAH-0022,성분비,MAH-0022_히비스커스꽃추출물_제품성분비_(주)즐거운회사.pdf,d:\(주)에바스코스메틱 Dropbox\JI SEULKI\claude\@ongoing_LAB doc\200_연구실 문서 샘플\250930_성분비자료 (원료업체)\MAH-0022_히비스커스꽃추출물_제품성분비_(주)즐거운회사.pdf,86827
MAH-0023,성분비,MAH-0023_houttuynia cordata pwd gb 1000_en composition sheet.pdf,d:\(주)에바스코스메틱 Dropbox\JI SEULKI\claude\@ongoing_LAB doc\200_연구실 문서 샘플\250930_성분비자료 (원료업체)\MAH-0023_houttuynia cordata pwd gb 1000_en composition sheet.pdf,351728
MAH-0024,성분비,MAH-0024_Red Ginseng Water-HD_제품성분비(ENG).pdf,d:\(주)에바스코스메틱 Dropbox\JI SEULKI\claude\@ongoing_LAB doc\200_연구실 문서 샘플\250930_성분비자료 (원료업체)\MAH-0024_Red Ginseng Water-HD_제품성분비(ENG).pdf,59594
MAH-0024,성분비,MAH-0024_홍삼수-HD_제품성분비.pdf,d:\(주)에바스코스메틱 Dropbox\JI SEULKI\claude\@ongoing_LAB doc\200_연구실 문서 샘플\250930_성분비자료 (원료업체)\MAH-0024_홍삼수-HD_제품성분비.pdf,61461
MAH-0025,성분비,MAH-0025_Hyal 11(T)_(조성비).pdf,d:\(주)에바스코스메틱 Dropbox\JI SEULKI\claude\@ongoing_LAB doc\200_연구실 문서 샘플\250930_성분비자료 (원료업체)\MAH-0025_Hyal 11(T)_(조성비).pdf,40368
MAH-0025,성분비,MAH-0025_Hyal 9(T)_조성비.pdf,d:\(주)에바스코스메틱 Dropbox\JI SEULKI\claude\@ongoing_LAB doc\200_연구실 문서 샘플\250930_성분비자료 (원료업체)\MAH-0025_Hyal 9(T)_조성비.pdf,62368
MAI-0003,성분비,MAI-0003_INFLAX_composition.pdf,d:\(주)에바스코스메틱 Dropbox\JI SEULKI\claude\@ongoing_LAB doc\200_연구실 문서 샘플\250930_성분비자료 (원료업체)\MAI-0003_INFLAX_composition.pdf,73064
MAI-0003,성분비,MAI-0003_INFLAX_Composition_영문.pdf,d:\(주)에바스코스메틱 Dropbox\JI SEULKI\claude\@ongoing_LAB doc\200_연구실 문서 샘플\250930_성분비자료 (원료업체)\MAI-0003_INFLAX_Composition_영문.pdf,87910
MAI-0005,성분비,MAI-0005_인삼발효(B)여과물-HD_제품성분비_(주)즐거운회사.pdf,d:\(주)에바스코스메틱 Dropbox\JI SEULKI\claude\@ongoing_LAB doc\200_연구실 문서 샘플\250930_성분비자료 (원료업체)\MAI-0005_인삼발효(B)여과물-HD_제품성분비_(주)즐거운회사.pdf,70594
MAI-0006,성분비,MAI-0006_아이슬란드이끼추출물-PF_제품성분비_(주)즐거운회사.pdf,d:\(주)에바스코스메틱 Dropbox\JI SEULKI\claude\@ongoing_LAB doc\200_연구실 문서 샘플\250930_성분비자료 (원료업체)\MAI-0006_아이슬란드이끼추출물-PF_제품성분비_(주)즐거운회사.pdf,71479
MAJ-0001,성분비,MAJ-0001_쟈스민추출물_국문 성분비_T1R0.pdf,d:\(주)에바스코스메틱 Dropbox\JI SEULKI\claude\@ongoing_LAB doc\200_연구실 문서 샘플\250930_성분비자료 (원료업체)\MAJ-0001_쟈스민추출물_국문 성분비_T1R0.pdf,148464
MAJ-0002,성분비,MAJ-0002_차전초추출물(질경이)_국문 성분비_T1R0.pdf,d:\(주)에바스코스메틱 Dropbox\JI SEULKI\claude\@ongoing_LAB doc\200_연구실 문서 샘플\250930_성분비자료 (원료업체)\MAJ-0002_차전초추출물(질경이)_국문 성분비_T1R0.pdf,332844
MAJ-0003,성분비,MAJ-0003_Jeju Blossom(PD)_영문 성분비 T0R1.pdf,d:\(주)에바스코스메틱 Dropbox\JI SEULKI\claude\@ongoing_LAB doc\200_연구실 문서 샘플\250930_성분비자료 (원료업체)\MAJ-0003_Jeju Blossom(PD)_영문 성분비 T0R1.pdf,270451
MAJ-0004,성분비,MAJ-0004_제비꽃추출물_영문 성분비_T0R0.pdf,d:\(주)에바스코스메틱 Dropbox\JI SEULKI\claude\@ongoing_LAB doc\200_연구실 문서 샘플\250930_성분비자료 (원료업체)\MAJ-0004_제비꽃추출물_영문 성분비_T0R0.pdf,347328
MAJ-0004,성분비,MAJ-0004_첨부3_제비꽃추출물_성분비.pdf,d:\(주)에바스코스메틱 Dropbox\JI SEULKI\claude\@ongoing_LAB doc\200_연구실 문서 샘플\250930_성분비자료 (원료업체)\MAJ-0004_첨부3_제비꽃추출물_성분비.pdf,333614
MAJ-0005,성분비,MAJ-0005_진주추출물-NP_국문 성분비_T1R0.pdf,d:\(주)에바스코스메틱 Dropbox\JI SEULKI\claude\@ongoing_LAB doc\200_연구실 문서 샘플\250930_성분비자료 (원료업체)\MAJ-0005_진주추출물-NP_국문 성분비_T1R0.pdf,332105
MAJ-0006,성분비,MAJ-0006_작약꽃추출물_제품성분비_(주)즐거운회사.pdf,d:\(주)에바스코스메틱 Dropbox\JI SEULKI\claude\@ongoing_LAB doc\200_연구실 문서 샘플\250930_성분비자료 (원료업체)\MAJ-0006_작약꽃추출물_제품성분비_(주)즐거운회사.pdf,86509
MAK-0001,성분비,MAK-0001_Keratin H-HD_제품성분비(ENG).pdf,d:\(주)에바스코스메틱 Dropbox\JI SEULKI\claude\@ongoing_LAB doc\200_연구실 문서 샘플\250930_성분비자료 (원료업체)\MAK-0001_Keratin H-HD_제품성분비(ENG).pdf,59576
MAL-0001,성분비,MAL-0001_L-ARGININE_Composition.pdf,d:\(주)에바스코스메틱 Dropbox\JI SEULKI\claude\@ongoing_LAB doc\200_연구실 문서 샘플\250930_성분비자료 (원료업체)\MAL-0001_L-ARGININE_Composition.pdf,293988
MAL-0013,성분비,MAL-0013_Laminaria Japonica Extract_조성비자료.pdf,d:\(주)에바스코스메틱 Dropbox\JI SEULKI\claude\@ongoing_LAB doc\200_연구실 문서 샘플\250930_성분비자료 (원료업체)\MAL-0013_Laminaria Japonica Extract_조성비자료.pdf,43339
MAL-0013,성분비,MAL-0013_다시마추출물-PF_제품성분비.pdf,d:\(주)에바스코스메틱 Dropbox\JI SEULKI\claude\@ongoing_LAB doc\200_연구실 문서 샘플\250930_성분비자료 (원료업체)\MAL-0013_다시마추출물-PF_제품성분비.pdf,69969
MAL-0013,성분비,MAL-0013_다시마추출물-PF_제품성분비_(주)즐거운회사.pdf,d:\(주)에바스코스메틱 Dropbox\JI SEULKI\claude\@ongoing_LAB doc\200_연구실 문서 샘플\250930_성분비자료 (원료업체)\MAL-0013_다시마추출물-PF_제품성분비_(주)즐거운회사.pdf,69969
MAL-0014,성분비,MAL-0014_백합추출물_국문 성분비_T1R0.pdf,d:\(주)에바스코스메틱 Dropbox\JI SEULKI\claude\@ongoing_LAB doc\200_연구실 문서 샘플\250930_성분비자료 (원료업체)\MAL-0014_백합추출물_국문 성분비_T1R0.pdf,331799
MAL-0016,성분비,MAL-0016_라벤더추출물-NS_영문 성분비.pdf,d:\(주)에바스코스메틱 Dropbox\JI SEULKI\claude\@ongoing_LAB doc\200_연구실 문서 샘플\250930_성분비자료 (원료업체)\MAL-0016_라벤더추출물-NS_영문 성분비.pdf,473724
MAL-0017,성분비,MAL-0017_Organic Lemonbalm Water MSDS(한글)-GHS.pdf,d:\(주)에바스코스메틱 Dropbox\JI SEULKI\claude\@ongoing_LAB doc\200_연구실 문서 샘플\250930_성분비자료 (원료업체)\MAL-0017_Organic Lemonbalm Water MSDS(한글)-GHS.pdf,112846
MAL-0018,성분비,MAL-0018_레몬추출물_국문 성분비_T1R0.pdf,d:\(주)에바스코스메틱 Dropbox\JI SEULKI\claude\@ongoing_LAB doc\200_연구실 문서 샘플\250930_성분비자료 (원료업체)\MAL-0018_레몬추출물_국문 성분비_T1R0.pdf,331930
MAL-0019,성분비,MAL-0019_lovely berry 4 complex_성분비.pdf,d:\(주)에바스코스메틱 Dropbox\JI SEULKI\claude\@ongoing_LAB doc\200_연구실 문서 샘플\250930_성분비자료 (원료업체)\MAL-0019_lovely berry 4 complex_성분비.pdf,162068
MAL-0019,성분비,MAL-0019_Lovely Berry 4 Complex_영문 성분비_T0R0.pdf,d:\(주)에바스코스메틱 Dropbox\JI SEULKI\claude\@ongoing_LAB doc\200_연구실 문서 샘플\250930_성분비자료 (원료업체)\MAL-0019_Lovely Berry 4 Complex_영문 성분비_T0R0.pdf,350162
MAL-0020,성분비,MAL-0020_라임 추출물(CAF-NP)_성분비14.pdf,d:\(주)에바스코스메틱 Dropbox\JI SEULKI\claude\@ongoing_LAB doc\200_연구실 문서 샘플\250930_성분비자료 (원료업체)\MAL-0020_라임 추출물(CAF-NP)_성분비14.pdf,132517
MAL-0020,성분비,MAL-0020_라임추출물_영문성분비.pdf,d:\(주)에바스코스메틱 Dropbox\JI SEULKI\claude\@ongoing_LAB doc\200_연구실 문서 샘플\250930_성분비자료 (원료업체)\MAL-0020_라임추출물_영문성분비.pdf,472483
MAL-0021,성분비,MAL-0021_Lavender Extract-PD_국문 성분비_T1R0.pdf,d:\(주)에바스코스메틱 Dropbox\JI SEULKI\claude\@ongoing_LAB doc\200_연구실 문서 샘플\250930_성분비자료 (원료업체)\MAL-0021_Lavender Extract-PD_국문 성분비_T1R0.pdf,331804
MAL-0022,성분비,MAL-0022_Lactobacillus Ferment-HD_제품성분비(ENG).pdf,d:\(주)에바스코스메틱 Dropbox\JI SEULKI\claude\@ongoing_LAB doc\200_연구실 문서 샘플\250930_성분비자료 (원료업체)\MAL-0022_Lactobacillus Ferment-HD_제품성분비(ENG).pdf,59206
MAL-0022,성분비,MAL-0022_락토바실러스발효물-HD_제품성분비_(주)즐거운회사.pdf,d:\(주)에바스코스메틱 Dropbox\JI SEULKI\claude\@ongoing_LAB doc\200_연구실 문서 샘플\250930_성분비자료 (원료업체)\MAL-0022_락토바실러스발효물-HD_제품성분비_(주)즐거운회사.pdf,88071
MAL-0023,성분비,MAL-0023_리치열매추출물_제품성분비.pdf,d:\(주)에바스코스메틱 Dropbox\JI SEULKI\claude\@ongoing_LAB doc\200_연구실 문서 샘플\250930_성분비자료 (원료업체)\MAL-0023_리치열매추출물_제품성분비.pdf,70404
MAL-0024,성분비,MAL-0024_Lacto 10 Complex_composition.pdf,d:\(주)에바스코스메틱 Dropbox\JI SEULKI\claude\@ongoing_LAB doc\200_연구실 문서 샘플\250930_성분비자료 (원료업체)\MAL-0024_Lacto 10 Complex_composition.pdf,490683
MAL-0024,성분비,MAL-0024_Lacto 10 Complex_성분비.pdf,d:\(주)에바스코스메틱 Dropbox\JI SEULKI\claude\@ongoing_LAB doc\200_연구실 문서 샘플\250930_성분비자료 (원료업체)\MAL-0024_Lacto 10 Complex_성분비.pdf,367594
MAM-0001,성분비,MAM-0001 Marigold Ext_제품성분비_(주)즐거운회사.pdf,d:\(주)에바스코스메틱 Dropbox\JI SEULKI\claude\@ongoing_LAB doc\200_연구실 문서 샘플\250930_성분비자료 (원료업체)\MAM-0001 Marigold Ext_제품성분비_(주)즐거운회사.pdf,88962
MAM-0001,성분비,MAM-0001 Marigold Ext_제품성분비_수출.pdf,d:\(주)에바스코스메틱 Dropbox\JI SEULKI\claude\@ongoing_LAB doc\200_연구실 문서 샘플\250930_성분비자료 (원료업체)\MAM-0001 Marigold Ext_제품성분비_수출.pdf,101089
MAM-0011,성분비,MAM-0011_Marine collagen(KV)_조성비.pdf,d:\(주)에바스코스메틱 Dropbox\JI SEULKI\claude\@ongoing_LAB doc\200_연구실 문서 샘플\250930_성분비자료 (원료업체)\MAM-0011_Marine collagen(KV)_조성비.pdf,202758
MAM-0011,성분비,MAM-0011_Marine Collagen_조성비.pdf,d:\(주)에바스코스메틱 Dropbox\JI SEULKI\claude\@ongoing_LAB doc\200_연구실 문서 샘플\250930_성분비자료 (원료업체)\MAM-0011_Marine Collagen_조성비.pdf,445517
MAM-0026,성분비,MAM-0026_모링가잎추출물_국문 성분비_T1R0.pdf,d:\(주)에바스코스메틱 Dropbox\JI SEULKI\claude\@ongoing_LAB doc\200_연구실 문서 샘플\250930_성분비자료 (원료업체)\MAM-0026_모링가잎추출물_국문 성분비_T1R0.pdf,332532
MAM-0027,성분비,MAM-0027_우유추출물-NP_국문성분비_T1R0.pdf,d:\(주)에바스코스메틱 Dropbox\JI SEULKI\claude\@ongoing_LAB doc\200_연구실 문서 샘플\250930_성분비자료 (원료업체)\MAM-0027_우유추출물-NP_국문성분비_T1R0.pdf,405272
MAM-0027,성분비,MAM-0027_우유추출물-NP_영문성분비.pdf,d:\(주)에바스코스메틱 Dropbox\JI SEULKI\claude\@ongoing_LAB doc\200_연구실 문서 샘플\250930_성분비자료 (원료업체)\MAM-0027_우유추출물-NP_영문성분비.pdf,475109
MAM-0028,성분비,MAM-0028_망고추출물_국문 성분비_T1R0.pdf,d:\(주)에바스코스메틱 Dropbox\JI SEULKI\claude\@ongoing_LAB doc\200_연구실 문서 샘플\250930_성분비자료 (원료업체)\MAM-0028_망고추출물_국문 성분비_T1R0.pdf,331413
MAM-0029,성분비,MAM-0029_Marine collagen(KV)(H)_성분함량(영문).pdf,d:\(주)에바스코스메틱 Dropbox\JI SEULKI\claude\@ongoing_LAB doc\200_연구실 문서 샘플\250930_성분비자료 (원료업체)\MAM-0029_Marine collagen(KV)(H)_성분함량(영문).pdf,190613
MAM-0030,성분비,MAM-0030_MSM.pdf,d:\(주)에바스코스메틱 Dropbox\JI SEULKI\claude\@ongoing_LAB doc\200_연구실 문서 샘플\250930_성분비자료 (원료업체)\MAM-0030_MSM.pdf,172396
MAM-0031,성분비,MAM-0031_마카추출물_제품성분비.pdf,d:\(주)에바스코스메틱 Dropbox\JI SEULKI\claude\@ongoing_LAB doc\200_연구실 문서 샘플\250930_성분비자료 (원료업체)\MAM-0031_마카추출물_제품성분비.pdf,63283
MAM-0032,성분비,MAM-0032_MultiEx BSASM Plus_성분비.pdf,d:\(주)에바스코스메틱 Dropbox\JI SEULKI\claude\@ongoing_LAB doc\200_연구실 문서 샘플\250930_성분비자료 (원료업체)\MAM-0032_MultiEx BSASM Plus_성분비.pdf,130511
MAM-0033,성분비,MAM-0033_Melafresh T96_REG SHEET - REV5.pdf,d:\(주)에바스코스메틱 Dropbox\JI SEULKI\claude\@ongoing_LAB doc\200_연구실 문서 샘플\250930_성분비자료 (원료업체)\MAM-0033_Melafresh T96_REG SHEET - REV5.pdf,408533
MAM-0034,성분비,MAM-0034_MS-NeoBead GR13(G)_Composition&Spec.pdf,d:\(주)에바스코스메틱 Dropbox\JI SEULKI\claude\@ongoing_LAB doc\200_연구실 문서 샘플\250930_성분비자료 (원료업체)\MAM-0034_MS-NeoBead GR13(G)_Composition&Spec.pdf,51606
MAM-0035,성분비,MAM-0035_Madecassoside 90_COMPOSITION.pdf,d:\(주)에바스코스메틱 Dropbox\JI SEULKI\claude\@ongoing_LAB doc\200_연구실 문서 샘플\250930_성분비자료 (원료업체)\MAM-0035_Madecassoside 90_COMPOSITION.pdf,85330
MAM-0035,성분비,MAM-0035_Madecassoside 90__COMPOSITION.pdf,d:\(주)에바스코스메틱 Dropbox\JI SEULKI\claude\@ongoing_LAB doc\200_연구실 문서 샘플\250930_성분비자료 (원료업체)\MAM-0035_Madecassoside 90__COMPOSITION.pdf,85330
MAM-0036,성분비,MAM-0036_Chamomilla Recutita (Matricaria) Flower Water-HD_제품성분비(ENG).pdf,d:\(주)에바스코스메틱 Dropbox\JI SEULKI\claude\@ongoing_LAB doc\200_연구실 문서 샘플\250930_성분비자료 (원료업체)\MAM-0036_Chamomilla Recutita (Matricaria) Flower Water-HD_제품성분비(ENG).pdf,59949
MAN-0001,성분비,MAN-0001_Niacinamide PC.pdf,d:\(주)에바스코스메틱 Dropbox\JI SEULKI\claude\@ongoing_LAB doc\200_연구실 문서 샘플\250930_성분비자료 (원료업체)\MAN-0001_Niacinamide PC.pdf,181870
MAN-0009,성분비,MAN-0009_Composition-NSG.pdf,d:\(주)에바스코스메틱 Dropbox\JI SEULKI\claude\@ongoing_LAB doc\200_연구실 문서 샘플\250930_성분비자료 (원료업체)\MAN-0009_Composition-NSG.pdf,169512
MAN-0009,성분비,MAN-0009_NSG_조성비자료.pdf,d:\(주)에바스코스메틱 Dropbox\JI SEULKI\claude\@ongoing_LAB doc\200_연구실 문서 샘플\250930_성분비자료 (원료업체)\MAN-0009_NSG_조성비자료.pdf,170007
MAN-0010,성분비,MAN-0010_난황추출물-PF_제품성분비_(주)즐거운회사.pdf,d:\(주)에바스코스메틱 Dropbox\JI SEULKI\claude\@ongoing_LAB doc\200_연구실 문서 샘플\250930_성분비자료 (원료업체)\MAN-0010_난황추출물-PF_제품성분비_(주)즐거운회사.pdf,87886
MAN-0011,성분비,MAN-0011_NanoActive RAL_조성비자료.pdf,d:\(주)에바스코스메틱 Dropbox\JI SEULKI\claude\@ongoing_LAB doc\200_연구실 문서 샘플\250930_성분비자료 (원료업체)\MAN-0011_NanoActive RAL_조성비자료.pdf,121305
MAO-0006,성분비,MAO-0006_Orange Extract_조성비자료.pdf,d:\(주)에바스코스메틱 Dropbox\JI SEULKI\claude\@ongoing_LAB doc\200_연구실 문서 샘플\250930_성분비자료 (원료업체)\MAO-0006_Orange Extract_조성비자료.pdf,38472
MAO-0006,성분비,MAO-0006_오렌지추출물-PF_제품성분비.pdf,d:\(주)에바스코스메틱 Dropbox\JI SEULKI\claude\@ongoing_LAB doc\200_연구실 문서 샘플\250930_성분비자료 (원료업체)\MAO-0006_오렌지추출물-PF_제품성분비.pdf,63870
MAO-0008,성분비,MAO-0008_온천수-WP_국문성분비_T1R0.pdf,d:\(주)에바스코스메틱 Dropbox\JI SEULKI\claude\@ongoing_LAB doc\200_연구실 문서 샘플\250930_성분비자료 (원료업체)\MAO-0008_온천수-WP_국문성분비_T1R0.pdf,335683
MAO-0009,성분비,MAO-0009_오이추출물-PF_제품성분비.pdf,d:\(주)에바스코스메틱 Dropbox\JI SEULKI\claude\@ongoing_LAB doc\200_연구실 문서 샘플\250930_성분비자료 (원료업체)\MAO-0009_오이추출물-PF_제품성분비.pdf,70181
MAP-0011,성분비,MAP-0011_Hydrolyzed Silk-HD_제품성분비(ENG).pdf,d:\(주)에바스코스메틱 Dropbox\JI SEULKI\claude\@ongoing_LAB doc\200_연구실 문서 샘플\250930_성분비자료 (원료업체)\MAP-0011_Hydrolyzed Silk-HD_제품성분비(ENG).pdf,59727
MAP-0011,성분비,MAP-0011_하이드롤라이즈드실크-HD_제품성분비_(주)즐거운회사.pdf,d:\(주)에바스코스메틱 Dropbox\JI SEULKI\claude\@ongoing_LAB doc\200_연구실 문서 샘플\250930_성분비자료 (원료업체)\MAP-0011_하이드롤라이즈드실크-HD_제품성분비_(주)즐거운회사.pdf,83552
MAP-0019,성분비,MAP-0019_[Composition]Portulaca Ext(EN).pdf,d:\(주)에바스코스메틱 Dropbox\JI SEULKI\claude\@ongoing_LAB doc\200_연구실 문서 샘플\250930_성분비자료 (원료업체)\MAP-0019_[Composition]Portulaca Ext(EN).pdf,85346
MAP-0020,성분비,MAP-0020_Phyto Keratin_Composition Breakdown_E.pdf,d:\(주)에바스코스메틱 Dropbox\JI SEULKI\claude\@ongoing_LAB doc\200_연구실 문서 샘플\250930_성분비자료 (원료업체)\MAP-0020_Phyto Keratin_Composition Breakdown_E.pdf,43004
MAP-0020,성분비,MAP-0020_Phyto Protein Complex_제품성분비(ENG).pdf,d:\(주)에바스코스메틱 Dropbox\JI SEULKI\claude\@ongoing_LAB doc\200_연구실 문서 샘플\250930_성분비자료 (원료업체)\MAP-0020_Phyto Protein Complex_제품성분비(ENG).pdf,60197
MAP-0020,성분비,MAP-0020_Phyto Protein Complex_제품성분비_(주)즐거운회사.pdf,d:\(주)에바스코스메틱 Dropbox\JI SEULKI\claude\@ongoing_LAB doc\200_연구실 문서 샘플\250930_성분비자료 (원료업체)\MAP-0020_Phyto Protein Complex_제품성분비_(주)즐거운회사.pdf,71384
MAP-0030,성분비,MAP-0030_Phyto Aqua HA-05_성분비.pdf,d:\(주)에바스코스메틱 Dropbox\JI SEULKI\claude\@ongoing_LAB doc\200_연구실 문서 샘플\250930_성분비자료 (원료업체)\MAP-0030_Phyto Aqua HA-05_성분비.pdf,46601
MAP-0031,성분비,MAP-0031_편백나무추출물_영문성분비.pdf,d:\(주)에바스코스메틱 Dropbox\JI SEULKI\claude\@ongoing_LAB doc\200_연구실 문서 샘플\250930_성분비자료 (원료업체)\MAP-0031_편백나무추출물_영문성분비.pdf,358999
MAP-0032,성분비,MAP-0032_Phytobright-FR(PD)_국문성분비_T0R0.pdf,d:\(주)에바스코스메틱 Dropbox\JI SEULKI\claude\@ongoing_LAB doc\200_연구실 문서 샘플\250930_성분비자료 (원료업체)\MAP-0032_Phytobright-FR(PD)_국문성분비_T0R0.pdf,144916
MAP-0033,성분비,MAP-0033_프로폴리스추출물_국문 성분비_T1R0.pdf,d:\(주)에바스코스메틱 Dropbox\JI SEULKI\claude\@ongoing_LAB doc\200_연구실 문서 샘플\250930_성분비자료 (원료업체)\MAP-0033_프로폴리스추출물_국문 성분비_T1R0.pdf,335093
MAP-0033,성분비,MAP-0033_프로폴리스추출물_영문 성분비.pdf,d:\(주)에바스코스메틱 Dropbox\JI SEULKI\claude\@ongoing_LAB doc\200_연구실 문서 샘플\250930_성분비자료 (원료업체)\MAP-0033_프로폴리스추출물_영문 성분비.pdf,474680
MAP-0034,성분비,MAP-0034_복숭아추출물_국문 성분비_T1R0.pdf,d:\(주)에바스코스메틱 Dropbox\JI SEULKI\claude\@ongoing_LAB doc\200_연구실 문서 샘플\250930_성분비자료 (원료업체)\MAP-0034_복숭아추출물_국문 성분비_T1R0.pdf,331960
MAP-0035,성분비,MAP-0035_Peptuin 9 Balance_조성비자료.pdf,d:\(주)에바스코스메틱 Dropbox\JI SEULKI\claude\@ongoing_LAB doc\200_연구실 문서 샘플\250930_성분비자료 (원료업체)\MAP-0035_Peptuin 9 Balance_조성비자료.pdf,90578
MAP-0036,성분비,MAP-0036_Propolis Water_제품성분비(ENG).pdf,d:\(주)에바스코스메틱 Dropbox\JI SEULKI\claude\@ongoing_LAB doc\200_연구실 문서 샘플\250930_성분비자료 (원료업체)\MAP-0036_Propolis Water_제품성분비(ENG).pdf,59725
MAP-0037,성분비,MAP-0037 패션프룻열매추출물_제품성분비_(주)즐거운회사 (2).pdf,d:\(주)에바스코스메틱 Dropbox\JI SEULKI\claude\@ongoing_LAB doc\200_연구실 문서 샘플\250930_성분비자료 (원료업체)\MAP-0037 패션프룻열매추출물_제품성분비_(주)즐거운회사 (2).pdf,83922
MAP-0038,성분비,MAP-0038_Puensomes Yellow02 40 60_성분비.pdf,d:\(주)에바스코스메틱 Dropbox\JI SEULKI\claude\@ongoing_LAB doc\200_연구실 문서 샘플\250930_성분비자료 (원료업체)\MAP-0038_Puensomes Yellow02 40 60_성분비.pdf,331583
MAP-0039,성분비,MAP-0039_Composition Sheet of AIO Marine Plant PDRN.pdf,d:\(주)에바스코스메틱 Dropbox\JI SEULKI\claude\@ongoing_LAB doc\200_연구실 문서 샘플\250930_성분비자료 (원료업체)\MAP-0039_Composition Sheet of AIO Marine Plant PDRN.pdf,62139
MAP-0040,성분비,MAP-0040_PHYTOSERENE_성분비.pdf,d:\(주)에바스코스메틱 Dropbox\JI SEULKI\claude\@ongoing_LAB doc\200_연구실 문서 샘플\250930_성분비자료 (원료업체)\MAP-0040_PHYTOSERENE_성분비.pdf,5257175
MAR-0006,성분비,MAR-0006_ED023BPEX_ROSE_DR CHEM_COMPOSITION.pdf,d:\(주)에바스코스메틱 Dropbox\JI SEULKI\claude\@ongoing_LAB doc\200_연구실 문서 샘플\250930_성분비자료 (원료업체)\MAR-0006_ED023BPEX_ROSE_DR CHEM_COMPOSITION.pdf,402621
MAR-0012,성분비,MAR-0012_홍삼추출물-Ev_제품성분비.pdf,d:\(주)에바스코스메틱 Dropbox\JI SEULKI\claude\@ongoing_LAB doc\200_연구실 문서 샘플\250930_성분비자료 (원료업체)\MAR-0012_홍삼추출물-Ev_제품성분비.pdf,63679
MAR-0012,성분비,MAR-0012_홍삼추출물-Ev_제품성분비_(주)즐거운회사_270718.pdf,d:\(주)에바스코스메틱 Dropbox\JI SEULKI\claude\@ongoing_LAB doc\200_연구실 문서 샘플\250930_성분비자료 (원료업체)\MAR-0012_홍삼추출물-Ev_제품성분비_(주)즐거운회사_270718.pdf,86733
MAR-0013,성분비,MAR-0013_루이보스차추출물_영문 성분비_T0R1.pdf,d:\(주)에바스코스메틱 Dropbox\JI SEULKI\claude\@ongoing_LAB doc\200_연구실 문서 샘플\250930_성분비자료 (원료업체)\MAR-0013_루이보스차추출물_영문 성분비_T0R1.pdf,478914
MAR-0014,성분비,MAR-0014_로즈오브예리코추출물_국문 성분비_T1R0.pdf,d:\(주)에바스코스메틱 Dropbox\JI SEULKI\claude\@ongoing_LAB doc\200_연구실 문서 샘플\250930_성분비자료 (원료업체)\MAR-0014_로즈오브예리코추출물_국문 성분비_T1R0.pdf,333223
MAR-0014,성분비,MAR-0014_로즈오브예리코추출물_영문 성분비.pdf,d:\(주)에바스코스메틱 Dropbox\JI SEULKI\claude\@ongoing_LAB doc\200_연구실 문서 샘플\250930_성분비자료 (원료업체)\MAR-0014_로즈오브예리코추출물_영문 성분비.pdf,473745
MAR-0015,성분비,MAR-0015_RCe(LS) FM-HD_제품성분비(ENG).pdf,d:\(주)에바스코스메틱 Dropbox\JI SEULKI\claude\@ongoing_LAB doc\200_연구실 문서 샘플\250930_성분비자료 (원료업체)\MAR-0015_RCe(LS) FM-HD_제품성분비(ENG).pdf,59714
MAR-0016,성분비,MAR-0016-RNC 2118_조성비(영문).pdf,d:\(주)에바스코스메틱 Dropbox\JI SEULKI\claude\@ongoing_LAB doc\200_연구실 문서 샘플\250930_성분비자료 (원료업체)\MAR-0016-RNC 2118_조성비(영문).pdf,129363
MAR-0016,성분비,MAR-0016_RNC 1118_성분비자료.pdf,d:\(주)에바스코스메틱 Dropbox\JI SEULKI\claude\@ongoing_LAB doc\200_연구실 문서 샘플\250930_성분비자료 (원료업체)\MAR-0016_RNC 1118_성분비자료.pdf,144716
MAS-0003,성분비,MAS-0003_탈지분유_영문성분비.pdf,d:\(주)에바스코스메틱 Dropbox\JI SEULKI\claude\@ongoing_LAB doc\200_연구실 문서 샘플\250930_성분비자료 (원료업체)\MAS-0003_탈지분유_영문성분비.pdf,88578
MAS-0018,성분비,MAS-0018_Rice Extract_영문MSDS.pdf,d:\(주)에바스코스메틱 Dropbox\JI SEULKI\claude\@ongoing_LAB doc\200_연구실 문서 샘플\250930_성분비자료 (원료업체)\MAS-0018_Rice Extract_영문MSDS.pdf,207362
MAS-0018,성분비,MAS-0018_쌀추출물_성분비.pdf,d:\(주)에바스코스메틱 Dropbox\JI SEULKI\claude\@ongoing_LAB doc\200_연구실 문서 샘플\250930_성분비자료 (원료업체)\MAS-0018_쌀추출물_성분비.pdf,69996
MAS-0018,성분비,MAS-0018_쌀추출물_제품성분비_(주)즐거운회사.pdf,d:\(주)에바스코스메틱 Dropbox\JI SEULKI\claude\@ongoing_LAB doc\200_연구실 문서 샘플\250930_성분비자료 (원료업체)\MAS-0018_쌀추출물_제품성분비_(주)즐거운회사.pdf,69996
MAS-0021,성분비,MAS-0021_Seed Complex(EN).pdf,d:\(주)에바스코스메틱 Dropbox\JI SEULKI\claude\@ongoing_LAB doc\200_연구실 문서 샘플\250930_성분비자료 (원료업체)\MAS-0021_Seed Complex(EN).pdf,88135
MAS-0022,성분비,MAS-0022_페퍼민트추출물_국문 성분비_T1R0.pdf,d:\(주)에바스코스메틱 Dropbox\JI SEULKI\claude\@ongoing_LAB doc\200_연구실 문서 샘플\250930_성분비자료 (원료업체)\MAS-0022_페퍼민트추출물_국문 성분비_T1R0.pdf,332695
MAS-0023,성분비,MAS-0023_헨나추출물_제품성분비_(주)즐거운회사.pdf,d:\(주)에바스코스메틱 Dropbox\JI SEULKI\claude\@ongoing_LAB doc\200_연구실 문서 샘플\250930_성분비자료 (원료업체)\MAS-0023_헨나추출물_제품성분비_(주)즐거운회사.pdf,70231
MAS-0028,성분비,MAS-0028_달팽이점액여과물-PF_제품성분비_(주)즐거운회사.pdf,d:\(주)에바스코스메틱 Dropbox\JI SEULKI\claude\@ongoing_LAB doc\200_연구실 문서 샘플\250930_성분비자료 (원료업체)\MAS-0028_달팽이점액여과물-PF_제품성분비_(주)즐거운회사.pdf,71329
MAS-0029,성분비,MAS-0029_생모단-EVAS_국문 성분비.pdf,d:\(주)에바스코스메틱 Dropbox\JI SEULKI\claude\@ongoing_LAB doc\200_연구실 문서 샘플\250930_성분비자료 (원료업체)\MAS-0029_생모단-EVAS_국문 성분비.pdf,419189
MAS-0029,성분비,MAS-0029_생모단-EVAS_영문 성분비.pdf,d:\(주)에바스코스메틱 Dropbox\JI SEULKI\claude\@ongoing_LAB doc\200_연구실 문서 샘플\250930_성분비자료 (원료업체)\MAS-0029_생모단-EVAS_영문 성분비.pdf,309128
MAS-0031,성분비,MAS-0031_Sage Extract-PD_국문 성분비_T1R0.pdf,d:\(주)에바스코스메틱 Dropbox\JI SEULKI\claude\@ongoing_LAB doc\200_연구실 문서 샘플\250930_성분비자료 (원료업체)\MAS-0031_Sage Extract-PD_국문 성분비_T1R0.pdf,331766
MAS-0032,성분비,MAS-0032_Redstem Wormwood Extract_제품성분비(ENG).pdf,d:\(주)에바스코스메틱 Dropbox\JI SEULKI\claude\@ongoing_LAB doc\200_연구실 문서 샘플\250930_성분비자료 (원료업체)\MAS-0032_Redstem Wormwood Extract_제품성분비(ENG).pdf,59868
MAS-0033,성분비,MAS-0033_사탕무뿌리추출물_제품성분비.pdf,d:\(주)에바스코스메틱 Dropbox\JI SEULKI\claude\@ongoing_LAB doc\200_연구실 문서 샘플\250930_성분비자료 (원료업체)\MAS-0033_사탕무뿌리추출물_제품성분비.pdf,63856
MAS-0034,성분비,MAS-0034_스피룰리나 추출물_제품성분비.pdf,d:\(주)에바스코스메틱 Dropbox\JI SEULKI\claude\@ongoing_LAB doc\200_연구실 문서 샘플\250930_성분비자료 (원료업체)\MAS-0034_스피룰리나 추출물_제품성분비.pdf,64662
MAS-0035,성분비,MAS-0035_Silk Extract-PF_제품성분비(ENG).pdf,d:\(주)에바스코스메틱 Dropbox\JI SEULKI\claude\@ongoing_LAB doc\200_연구실 문서 샘플\250930_성분비자료 (원료업체)\MAS-0035_Silk Extract-PF_제품성분비(ENG).pdf,59568
MAS-0036,성분비,MAS-0036_생강추출물-PF_제품성분비.pdf,d:\(주)에바스코스메틱 Dropbox\JI SEULKI\claude\@ongoing_LAB doc\200_연구실 문서 샘플\250930_성분비자료 (원료업체)\MAS-0036_생강추출물-PF_제품성분비.pdf,63805
MAS-0037,성분비,MAS-0037_Sytenol A - composition.pdf,d:\(주)에바스코스메틱 Dropbox\JI SEULKI\claude\@ongoing_LAB doc\200_연구실 문서 샘플\250930_성분비자료 (원료업체)\MAS-0037_Sytenol A - composition.pdf,103359
MAS-0038,성분비,MAS-0038_Sodium Hyaluronate Powder(120만)_ 조성비.pdf,d:\(주)에바스코스메틱 Dropbox\JI SEULKI\claude\@ongoing_LAB doc\200_연구실 문서 샘플\250930_성분비자료 (원료업체)\MAS-0038_Sodium Hyaluronate Powder(120만)_ 조성비.pdf,386347
MAS-0039,성분비,MAS-0039_SinoWhite TXA_Composition Data (20210805).pdf,d:\(주)에바스코스메틱 Dropbox\JI SEULKI\claude\@ongoing_LAB doc\200_연구실 문서 샘플\250930_성분비자료 (원료업체)\MAS-0039_SinoWhite TXA_Composition Data (20210805).pdf,191898
MAS-0040,성분비,MAS-0040_OPT Sugar Cane Extract (HD).pdf,d:\(주)에바스코스메틱 Dropbox\JI SEULKI\claude\@ongoing_LAB doc\200_연구실 문서 샘플\250930_성분비자료 (원료업체)\MAS-0040_OPT Sugar Cane Extract (HD).pdf,78976
MAS-0041,성분비,MAS-0041_산호추출물-PF_성분비_(주)즐거운회사.pdf,d:\(주)에바스코스메틱 Dropbox\JI SEULKI\claude\@ongoing_LAB doc\200_연구실 문서 샘플\250930_성분비자료 (원료업체)\MAS-0041_산호추출물-PF_성분비_(주)즐거운회사.pdf,69508
MAS-0041,성분비,MAS-0041_산호추출물-PF_제품성분비_(주)즐거운회사.pdf,d:\(주)에바스코스메틱 Dropbox\JI SEULKI\claude\@ongoing_LAB doc\200_연구실 문서 샘플\250930_성분비자료 (원료업체)\MAS-0041_산호추출물-PF_제품성분비_(주)즐거운회사.pdf,69508
MAT-0009,성분비,MAT-0009_T-Flower Complex_성분비_T0R0.pdf,d:\(주)에바스코스메틱 Dropbox\JI SEULKI\claude\@ongoing_LAB doc\200_연구실 문서 샘플\250930_성분비자료 (원료업체)\MAT-0009_T-Flower Complex_성분비_T0R0.pdf,352891
MAT-0009,성분비,MAT-0009_T-Flower Complex_영문 성분비_T0R1.pdf,d:\(주)에바스코스메틱 Dropbox\JI SEULKI\claude\@ongoing_LAB doc\200_연구실 문서 샘플\250930_성분비자료 (원료업체)\MAT-0009_T-Flower Complex_영문 성분비_T0R1.pdf,352367
MAT-0010,성분비,MAT-0010_Tropical Fruits Complex-GS_국문 성분비_T0R0.pdf,d:\(주)에바스코스메틱 Dropbox\JI SEULKI\claude\@ongoing_LAB doc\200_연구실 문서 샘플\250930_성분비자료 (원료업체)\MAT-0010_Tropical Fruits Complex-GS_국문 성분비_T0R0.pdf,342455
MAT-0010,성분비,MAT-0010_Tropical Fruits Complex-GS_영문 성분비_T0R1.pdf,d:\(주)에바스코스메틱 Dropbox\JI SEULKI\claude\@ongoing_LAB doc\200_연구실 문서 샘플\250930_성분비자료 (원료업체)\MAT-0010_Tropical Fruits Complex-GS_영문 성분비_T0R1.pdf,347173
MAT-0011,성분비,MAT-0011_탄산수_제품성분비.pdf,d:\(주)에바스코스메틱 Dropbox\JI SEULKI\claude\@ongoing_LAB doc\200_연구실 문서 샘플\250930_성분비자료 (원료업체)\MAT-0011_탄산수_제품성분비.pdf,60356
MAT-0012,성분비,MAT-0012_Tea Tree Leaf Extract-PF_제품성분비(ENG).pdf,d:\(주)에바스코스메틱 Dropbox\JI SEULKI\claude\@ongoing_LAB doc\200_연구실 문서 샘플\250930_성분비자료 (원료업체)\MAT-0012_Tea Tree Leaf Extract-PF_제품성분비(ENG).pdf,59777
MAT-0013,성분비,MAT-0013_티트리잎수-HE_제품성분비.pdf,d:\(주)에바스코스메틱 Dropbox\JI SEULKI\claude\@ongoing_LAB doc\200_연구실 문서 샘플\250930_성분비자료 (원료업체)\MAT-0013_티트리잎수-HE_제품성분비.pdf,70835
MAT-0014,성분비,MAT-0014_TECA90 _COMPOSITION.pdf,d:\(주)에바스코스메틱 Dropbox\JI SEULKI\claude\@ongoing_LAB doc\200_연구실 문서 샘플\250930_성분비자료 (원료업체)\MAT-0014_TECA90 _COMPOSITION.pdf,187793
MAU-0005,성분비,MAU-0005_Yuja Extract-PF_제품성분비(ENG).pdf,d:\(주)에바스코스메틱 Dropbox\JI SEULKI\claude\@ongoing_LAB doc\200_연구실 문서 샘플\250930_성분비자료 (원료업체)\MAU-0005_Yuja Extract-PF_제품성분비(ENG).pdf,59866
MAU-0006,성분비,MAU-0006_울릉해양심층수-THD_국문 성분비.pdf,d:\(주)에바스코스메틱 Dropbox\JI SEULKI\claude\@ongoing_LAB doc\200_연구실 문서 샘플\250930_성분비자료 (원료업체)\MAU-0006_울릉해양심층수-THD_국문 성분비.pdf,330118
MAV-0002,성분비,MAV-0002_DL-alpha-Tocopheryl Acetate_조성비.pdf,d:\(주)에바스코스메틱 Dropbox\JI SEULKI\claude\@ongoing_LAB doc\200_연구실 문서 샘플\250930_성분비자료 (원료업체)\MAV-0002_DL-alpha-Tocopheryl Acetate_조성비.pdf,182170
MAV-0005,성분비,MAV-0005 Papaya Extract_제품성분비(ENG)_(주)즐거운회사.pdf,d:\(주)에바스코스메틱 Dropbox\JI SEULKI\claude\@ongoing_LAB doc\200_연구실 문서 샘플\250930_성분비자료 (원료업체)\MAV-0005 Papaya Extract_제품성분비(ENG)_(주)즐거운회사.pdf,92628
MAV-0005,성분비,MAV-0005 파파야열매추출물_제품성분비_(주)즐거운회사.pdf,d:\(주)에바스코스메틱 Dropbox\JI SEULKI\claude\@ongoing_LAB doc\200_연구실 문서 샘플\250930_성분비자료 (원료업체)\MAV-0005 파파야열매추출물_제품성분비_(주)즐거운회사.pdf,105896
MAV-0007,성분비,MAV-0007_Sea Buckthorn Water_제품성분비(ENG).pdf,d:\(주)에바스코스메틱 Dropbox\JI SEULKI\claude\@ongoing_LAB doc\200_연구실 문서 샘플\250930_성분비자료 (원료업체)\MAV-0007_Sea Buckthorn Water_제품성분비(ENG).pdf,59972
MAV-0007,성분비,MAV-0007_비타민수(SPEC)_140226.pdf,d:\(주)에바스코스메틱 Dropbox\JI SEULKI\claude\@ongoing_LAB doc\200_연구실 문서 샘플\250930_성분비자료 (원료업체)\MAV-0007_비타민수(SPEC)_140226.pdf,58572
MAV-0007,성분비,MAV-0007_비타민수_제품성분비_수출.pdf,d:\(주)에바스코스메틱 Dropbox\JI SEULKI\claude\@ongoing_LAB doc\200_연구실 문서 샘플\250930_성분비자료 (원료업체)\MAV-0007_비타민수_제품성분비_수출.pdf,98659
MAV-0008,성분비,MAV-0008_VitaCE 990_성분비.pdf,d:\(주)에바스코스메틱 Dropbox\JI SEULKI\claude\@ongoing_LAB doc\200_연구실 문서 샘플\250930_성분비자료 (원료업체)\MAV-0008_VitaCE 990_성분비.pdf,91262
MAV-0009,성분비,MAV-0009_비니거추출물_제품성분비_(주)즐거운회사.pdf,d:\(주)에바스코스메틱 Dropbox\JI SEULKI\claude\@ongoing_LAB doc\200_연구실 문서 샘플\250930_성분비자료 (원료업체)\MAV-0009_비니거추출물_제품성분비_(주)즐거운회사.pdf,87850
MAV-0010,성분비,MAV-0010_Vita 11 TS (C)_Composition sheet.pdf,d:\(주)에바스코스메틱 Dropbox\JI SEULKI\claude\@ongoing_LAB doc\200_연구실 문서 샘플\250930_성분비자료 (원료업체)\MAV-0010_Vita 11 TS (C)_Composition sheet.pdf,52560
MAV-0011,성분비,MAV-0011__Vitamin B12 cryst_성분비.pdf,d:\(주)에바스코스메틱 Dropbox\JI SEULKI\claude\@ongoing_LAB doc\200_연구실 문서 샘플\250930_성분비자료 (원료업체)\MAV-0011__Vitamin B12 cryst_성분비.pdf,182398
MAW-0002,성분비,MAW-0002_백차추출물.pdf,d:\(주)에바스코스메틱 Dropbox\JI SEULKI\claude\@ongoing_LAB doc\200_연구실 문서 샘플\250930_성분비자료 (원료업체)\MAW-0002_백차추출물.pdf,55813
MAY-0003,성분비,MAY-0003_윤부용_조성비자료.pdf,d:\(주)에바스코스메틱 Dropbox\JI SEULKI\claude\@ongoing_LAB doc\200_연구실 문서 샘플\250930_성분비자료 (원료업체)\MAY-0003_윤부용_조성비자료.pdf,34179
MAY-0005,성분비,MAY-0005_산다화추출물_영문 성분비_T0R1.pdf,d:\(주)에바스코스메틱 Dropbox\JI SEULKI\claude\@ongoing_LAB doc\200_연구실 문서 샘플\250930_성분비자료 (원료업체)\MAY-0005_산다화추출물_영문 성분비_T0R1.pdf,480034
MAY-0007,성분비,MAY-0007_약쑥추출물_영문 성분비.pdf,d:\(주)에바스코스메틱 Dropbox\JI SEULKI\claude\@ongoing_LAB doc\200_연구실 문서 샘플\250930_성분비자료 (원료업체)\MAY-0007_약쑥추출물_영문 성분비.pdf,473701
MAY-0007,성분비,MAY-0007_첨부5_약쑥(애엽)추출물_성분비.pdf,d:\(주)에바스코스메틱 Dropbox\JI SEULKI\claude\@ongoing_LAB doc\200_연구실 문서 샘플\250930_성분비자료 (원료업체)\MAY-0007_첨부5_약쑥(애엽)추출물_성분비.pdf,143994
MAY-0008,성분비,MAY-0008_양배추추출물_국문 성분비_T1R0.pdf,d:\(주)에바스코스메틱 Dropbox\JI SEULKI\claude\@ongoing_LAB doc\200_연구실 문서 샘플\250930_성분비자료 (원료업체)\MAY-0008_양배추추출물_국문 성분비_T1R0.pdf,333521
MAY-0009,성분비,MAY-0009_연꽃추출물-SP_국문 성분비_T1R0.pdf,d:\(주)에바스코스메틱 Dropbox\JI SEULKI\claude\@ongoing_LAB doc\200_연구실 문서 샘플\250930_성분비자료 (원료업체)\MAY-0009_연꽃추출물-SP_국문 성분비_T1R0.pdf,331944
MAY-0010,성분비,MAY-0010_Heartleaf Houttuynia Extract-PF_제품성분비(ENG).pdf,d:\(주)에바스코스메틱 Dropbox\JI SEULKI\claude\@ongoing_LAB doc\200_연구실 문서 샘플\250930_성분비자료 (원료업체)\MAY-0010_Heartleaf Houttuynia Extract-PF_제품성분비(ENG).pdf,59858
MAY-0011,성분비,"MAY-0011_YNC 1113-GnB-조성비(영문)-(국내용, 수출용).pdf","d:\(주)에바스코스메틱 Dropbox\JI SEULKI\claude\@ongoing_LAB doc\200_연구실 문서 샘플\250930_성분비자료 (원료업체)\MAY-0011_YNC 1113-GnB-조성비(영문)-(국내용, 수출용).pdf",199921
